No;SKU;Jenis;Specification ;Product Name;Thickness;Size;Color;Retail Price ;B2B Price;MoQ;Image Link;Product Image;;;;;;;;;;;;;;;;;;;;
;FBT-A-ZIP-12.5x19.5x6.5-BLU;Flat Bottom;opp doff 20 / vmpet 12 / lldpe 110;Flat Bottom 1000 gr ;145 Micron;150mm x 325mm x 95mm;Blue;3.700;3000;;;;;;;;;;;;;;;;;;;;;;;
;FBT-A-ZIP-12.5x19.5x6.5-KRF;Flat Bottom;opp doff 20 / vmpet 12 / lldpe 110;Flat Bottom 1000 gr ;145 Micron;150mm x 325mm x 95mm;Kraft;3.700;3000;;;;;;;;;;;;;;;;;;;;;;;
;FBT-A-ZIP-12.5x19.5x6.5-GLD;Flat Bottom;opp doff 20 / vmpet 12 / lldpe 110;Flat Bottom 1000 gr ;145 Micron;150mm x 325mm x 95mm;Gold ;3.700;3000;;;;;;;;;;;;;;;;;;;;;;;
;FBT-M-ZIP-12.5x19.5x6.5-RED;Flat Bottom;opp doff 20 / vmpet 12 / lldpe 110;Flat Bottom 1000 gr ;145 Micron;150mm x 325mm x 95mm;Red ;3.700;3000;;;;;;;;;;;;;;;;;;;;;;;
;FBT-A-ZIP-12.5x19.5x6.5-WHT;Flat Bottom;opp doff 20 / alu 7 / lldpe 110;Flat Bottom 1000 gr ;140 Micron;150mm x 325mm x 95mm;White ;3.800;3000;;;;;;;;;;;;;;;;;;;;;;;
;FBT-A-ZIP-12.5x19.5x6.5-BLK;Flat Bottom;opp doff 20 / alu 7 / lldpe 110;Flat Bottom 1000 gr ;140 Micron;150mm x 325mm x 95mm;Black ;3.800;3000;;;;;;;;;;;;;;;;;;;;;;;
;FBT-A-ZIP-12.4x19.5x6.5-BLK;Flat Bottom;opp doff 20 / alu 7 / lldpe 110;Flat Bottom 250 gr ;140 Micron;125mm x 195mm x 65mm;Black ;2.858;2000;;;;;;;;;;;;;;;;;;;;;;;
;FBT-A-ZIP-12.4x19.5x6.5-WHT;Flat Bottom;opp doff 20 / alu 7 / lldpe 110;Flat Bottom 250 gr ;140 Micron;125mm x 195mm x 65mm;White ;2.858;2000;;;;;;;;;;;;;;;;;;;;;;;
;FBT-A-ZIP-12.4x19.5x6.5-RED;Flat Bottom;opp doff 20 / alu 7 / lldpe 110;Flat Bottom 250 gr ;140 Micron;125mm x 195mm x 65mm;Red;2.858;2000;;;;;;;;;;;;;;;;;;;;;;;
;FBT-A-ZIP-12.4x19.5x6.5-KRF;Flat Bottom;opp doff 20 / alu 7 / lldpe 110;Flat Bottom 250 gr ;140 Micron;125mm x 195mm x 65mm;Kraft;2.858;2000;;;;;;;;;;;;;;;;;;;;;;;
;FBT-A-ZIP-12.4x19.5x6.5-GLD;Flat Bottom;opp doff 20 / alu 7 / lldpe 110;Flat Bottom 250 gr ;140 Micron;125mm x 195mm x 65mm;Gold ;2.858;2000;;;;;;;;;;;;;;;;;;;;;;;
;FBT-A-ZIP-12.4x19.5x6.5-TRS;Flat Bottom;opp doff 20 / alu 7 / lldpe 110;Flat Bottom 250 gr ;140 Micron;125mm x 195mm x 65mm;Transparent ;2.858;2000;;;;;;;;;;;;;;;;;;;;;;;
;FBT-A-ZIP-25x35x9.5-GLD;Flat Bottom;pet 12 / vmpet 12 / lldpe 140;Flat Bottom 2500 gr ;170 micron;250mm x 350mm x 95mm ;Gold ;7.000;7000;;;;;;;;;;;;;;;;;;;;;;;
;FBT-A-ZIP-25x35x9.5-WHT;Flat Bottom;pet 12 / vmpet 12 / lldpe 140;Flat Bottom 2500 gr ;170 micron;250mm x 350mm x 95mm ;White ;7.000;5500;;;;;;;;;;;;;;;;;;;;;;;
;FBT-A-ZIP-25x35x9.5-BLK;Flat Bottom;pet 12 / vmpet 12 / lldpe 140;Flat Bottom 2500 gr ;170 micron;250mm x 350mm x 95mm ;Black ;7.000;5500;;;;;;;;;;;;;;;;;;;;;;;
;FBT-A-ZIP-30x49x13-BLK;Flat Bottom;pet 12 / vmpet 12 / lldpe 140;Flat Bottom 5000 gr ;170 micron;300mm x 490mm x 130mm;Black ;7.700;7000;;;;;;;;;;;;;;;;;;;;;;;
;FBT-A-ZIP-30x49x13-WHT;Flat Bottom;pet 12 / vmpet 12 / lldpe 140;Flat Bottom 5000 gr ;170 micron;300mm x 490mm x 130mm;White ;7.700;7000;;;;;;;;;;;;;;;;;;;;;;;
;FBL-N-ZIP-20x30x8-TRS;Flat Bottom;pet 12 / lldpe 90;Flat Bottom Lightpack ;105 Micron;200mm x 300mm + 80mm;Transparent ;1.850;1542;;;;;;;;;;;;;;;;;;;;;;;
;FBL-N-ZIP-18x28x8-TRS;Flat Bottom;pet 12 / lldpe 90;Flat Bottom Lightpack ;105 Micron;180mm x 280mm + 80mm;Transparent ;1.925;1603;;;;;;;;;;;;;;;;;;;;;;;
;FBL-N-ZIP-16x26x8-TRS;Flat Bottom;pet 12 / lldpe 90;Flat Bottom Lightpack ;105 Micron;160mm x 260mm + 80mm;Transparent ;1.585;1319;;;;;;;;;;;;;;;;;;;;;;;
;FBL-N-ZIP-12x22x6-TRS;Flat Bottom;pet 12 / lldpe 90;Flat Bottom Lightpack ;105 Micron;120mm x 220mm + 60mm;Transparent ;1.135;943;;;;;;;;;;;;;;;;;;;;;;;
;FBL-N-ZIP-10x22x6-TRS;Flat Bottom;pet 12 / lldpe 90;Flat Bottom Lightpack ;105 Micron;100mm x 200mm + 60mm;Transparent ;775;645;;;;;;;;;;;;;;;;;;;;;;;
;FBT-P-ZIP-9x18x7-RCP;Flat Bottom;;Flat Bottom Rice Paper 100 gr ;;90mm x 180mm + 70mm;Rice Paper;2.450;1850;;;;;;;;;;;;;;;;;;;;;;;
;FBT-P-ZIP-15x32.5x9.5-RCP;Flat Bottom;;Flat Bottom Rice Paper 1000 gr ;;150mm x 325mm + 95mm;Rice Paper;3.850;3200;;;;;;;;;;;;;;;;;;;;;;;
;FBT-P-ZIP-10x13x7-RCP;Flat Bottom;;Flat Bottom Rice Paper 250 gr;;200mm x 130mm + 70mm;Rice Paper;2.850;2150;;;;;;;;;;;;;;;;;;;;;;;
;FBT-P-ZIP-13x26x7.5-RCP;Flat Bottom;;Flat Bottom Rice Paper 500 gr;;130mm x 260mm + 75mm;Rice Paper;3.350;2450;;;;;;;;;;;;;;;;;;;;;;;
;FBS-P-ZIP-13.5x14.5x8-RCP;Flat Bottom;;Flat Bottom Rice Paper Square 100 gr;;135mm x 145mm + 80mm;Rice Paper;2.300;1950;;;;;;;;;;;;;;;;;;;;;;;
;FBS-P-ZIP-23x24x10-RCP;Flat Bottom;;Flat Bottom Rice Paper Square 1000 gr;;230mm x 240mm + 100mm;Rice Paper;4.650;3850;;;;;;;;;;;;;;;;;;;;;;;
;FBS-P-ZIP-16x16x8-RCP;Flat Bottom;;Flat Bottom Rice Paper Square 250 gr;;160mm x 160mm + 80mm;Rice Paper;3.250;2550;;;;;;;;;;;;;;;;;;;;;;;
;FBS-P-ZIP-19.5x20x8-RCP;Flat Bottom;;Flat Bottom Rice Paper Square 500 gr;;195mm x 200mm + 80mm;Rice Paper;4.050;3350;;;;;;;;;;;;;;;;;;;;;;;
;FBS-M-ZIP-24x23x10-BRW;Flat Bottom;opp doff 20 / vmpet 12 / lldpe 110;Flat Bottom Square 1000 gr;170 Micron;240 mm x 230 mm x 100 mm;Brown ;4.000;3300;;;;;;;;;;;;;;;;;;;;;;;
;FBS-M-ZIP-24x23x10-RED;Flat Bottom;opp doff 20 / vmpet 12 / lldpe 110;Flat Bottom Square 1000 gr;170 Micron;240 mm x 230 mm x 100 mm;Red;4.000;3300;;;;;;;;;;;;;;;;;;;;;;;
;FBS-M-ZIP-24x23x10-KRF;Flat Bottom;opp doff 20 / vmpet 12 / lldpe 110;Flat Bottom Square 1000 gr;170 Micron;240 mm x 230 mm x 100 mm;Kraft;4.000;3300;;;;;;;;;;;;;;;;;;;;;;;
;FBS-M-ZIP-24x23x10-BLU;Flat Bottom;opp doff 20 / vmpet 12 / lldpe 110;Flat Bottom Square 1000 gr;170 Micron;240 mm x 230 mm x 100 mm;Blue;4.000;3300;;;;;;;;;;;;;;;;;;;;;;;
;FBS-M-ZIP-24x23x10-BLK;Flat Bottom;opp doff 20 / vmpet 12 / lldpe 110;Flat Bottom Square 1000 gr;170 Micron;240 mm x 230 mm x 100 mm;Black ;4.000;3300;;;;;;;;;;;;;;;;;;;;;;;
;FBS-M-ZIP-24x23x10-WHT;Flat Bottom;opp doff 20 / vmpet 12 / lldpe 110;Flat Bottom Square 1000 gr;170 Micron;240 mm x 230 mm x 100 mm;White ;4.000;3300;;;;;;;;;;;;;;;;;;;;;;;
;FBS-M-ZIP-15.5x16.5x7.5-BLK;Flat Bottom;OPP DOFF 20 / VMPET 12 / LLDPE 110;Flat Bottom Square 250 gr ;170 Micron;155 mm x 165 mm x 75mm;Black ;3.400;2500;;;;;;;;;;;;;;;;;;;;;;;
;FBS-M-ZIP-15.5x16.5x7.5-WHT;Flat Bottom;OPP DOFF 20 / VMPET 12 / LLDPE 110;Flat Bottom Square 250 gr ;170 Micron;155 mm x 165 mm x 75mm;White ;3.400;2500;;;;;;;;;;;;;;;;;;;;;;;
;FBS-M-ZIP-15.5x16.5x7.5-BRW;Flat Bottom;OPP DOFF 20 / VMPET 12 / LLDPE 110;Flat Bottom Square 250 gr ;170 Micron;155 mm x 165 mm x 75mm;Brown ;3.400;2500;;;;;;;;;;;;;;;;;;;;;;;
;FBS-M-ZIP-15.5x16.5x7.5-PNK;Flat Bottom;OPP DOFF 20 / VMPET 12 / LLDPE 110;Flat Bottom Square 250 gr ;170 Micron;155 mm x 165 mm x 75mm;Pink;3.400;2500;;;;;;;;;;;;;;;;;;;;;;;
;FBS-M-ZIP-15.5x16.5x7.5-GRN;Flat Bottom;OPP DOFF 20 / VMPET 12 / LLDPE 110;Flat Bottom Square 250 gr ;170 Micron;155 mm x 165 mm x 75mm;Green;3.400;2500;;;;;;;;;;;;;;;;;;;;;;;
;FBS-M-ZIP-15.5x16.5x7.5-BLU;Flat Bottom;OPP DOFF 20 / VMPET 12 / LLDPE 110;Flat Bottom Square 250 gr ;170 Micron;155 mm x 165 mm x 75mm;Blue;3.400;2500;;;;;;;;;;;;;;;;;;;;;;;
;FBS-M-ZIP-15.5x16.5x7.5-RED;Flat Bottom;OPP DOFF 20 / VMPET 12 / LLDPE 110;Flat Bottom Square 250 gr ;170 Micron;155 mm x 165 mm x 75mm;Red;3.400;2500;;;;;;;;;;;;;;;;;;;;;;;
;FBS-M-ZIP-15.5x16.5x7.5-YLW;Flat Bottom;OPP DOFF 20 / VMPET 12 / LLDPE 110;Flat Bottom Square 250 gr ;170 Micron;155 mm x 165 mm x 75mm;Yellow;3.400;2500;;;;;;;;;;;;;;;;;;;;;;;
;FBS-M-ZIP-15.5x16.5x7.5-KRF;Flat Bottom;OPP DOFF 20 / VMPET 12 / LLDPE 110;Flat Bottom Square 250 gr ;170 Micron;155 mm x 165 mm x 75mm;Kraft;3.400;2500;;;;;;;;;;;;;;;;;;;;;;;
;FBT-M-ZIP-15.5x16.5x7.5-YLW;Flat Bottom;OPP DOFF 20 / VMPET 12 / LLDPE 110;Flat Bottom Square Tail 250 gr ;170 Micron;155 mm x 165 mm x 75mm;Yellow;5.000;4000;;;;;;;;;;;;;;;;;;;;;;;
;FBT-M-ZIP-15.5x16.5x7.5-WHT;Flat Bottom;OPP DOFF 20 / VMPET 12 / LLDPE 110;Flat Bottom Square Tail 250 gr ;170 Micron;155 mm x 165 mm x 75mm;White ;5.000;4000;;;;;;;;;;;;;;;;;;;;;;;
;FBT-M-ZIP-15.5x16.5x7.5-GLD;Flat Bottom;OPP DOFF 20 / VMPET 12 / LLDPE 110;Flat Bottom Square Tail 250 gr ;170 Micron;155 mm x 165 mm x 75mm;Gold ;5.000;4000;;;;;;;;;;;;;;;;;;;;;;;
;FBT-M-ZIP-15.5x16.5x7.5-ORG;Flat Bottom;OPP DOFF 20 / VMPET 12 / LLDPE 110;Flat Bottom Square Tail 250 gr ;170 Micron;155 mm x 165 mm x 75mm;Orange ;5.000;4000;;;;;;;;;;;;;;;;;;;;;;;
;FBT-M-ZIP-15.5x16.5x7.5-BLU;Flat Bottom;OPP DOFF 20 / VMPET 12 / LLDPE 110;Flat Bottom Square Tail 250 gr ;170 Micron;155 mm x 165 mm x 75mm;Blue;5.000;4000;;;;;;;;;;;;;;;;;;;;;;;
;FBT-M-ZIP-15.5x16.5x7.5-GRN;Flat Bottom;OPP DOFF 20 / VMPET 12 / LLDPE 110;Flat Bottom Square Tail 250 gr ;170 Micron;155 mm x 165 mm x 75mm;Green;5.000;4000;;;;;;;;;;;;;;;;;;;;;;;
;GST-A-CSG-23x39-BLK;Gusset;pet 12 / alu 7 / lldpe 120;Gusset Alumunium Centre Seal 1000gr;145 micron;2(130+90+10)mm x 390mm;Hitam Glossy;3.200;2500;;;;;;;;;;;;;;;;;;;;;;;
;GST-A-CSG-23x39-WHT;Gusset;pet 12 / alu 7 / lldpe 120;Gusset Alumunium Centre Seal 1000gr;145 micron;2(130+90+10)mm x 390mm;Putih Doff;3.200;2500;;;;;;;;;;;;;;;;;;;;;;;
;GST-A-CSG-23x39-GLD;Gusset;pet 12 / alu 7 / lldpe 120;Gusset Alumunium Centre Seal 1000gr;145 micron;2(130+90+10)mm x 390mm;Gold Doff;3.200;2500;;;;;;;;;;;;;;;;;;;;;;;
;GST-M-CSG-17x28.5-SLV;Gusset;pet 12 / vmcpp 35;Gusset Metalized Centre Seal 330gr;50 micron;2(90+70+10)MM x 285MM;Silver;600;500;;;;;;;;;;;;;;;;;;;;;;;
;GST-A-QUA-25x39-SLV;Gusset;opp doff 20 / alu 7 / lldpe 120;Gusset Alumunium Quad Seal 1000gr ;155 micron;2(150+100)mm X 390mm;Silver;3.200;2500;;;;;;;;;;;;;;;;;;;;;;;
;GST-A-QUA-25x39-BLK;Gusset;opp doff 20 / alu 7 / lldpe 120;Gusset Alumunium Quad Seal 1000gr ;155 micron;2(150+100)mm X 390mm;Hitam;3.200;2500;;;;;;;;;;;;;;;;;;;;;;;
;GST-A-QUA-25x39-WHT;Gusset;opp doff 20 / alu 7 / lldpe 120;Gusset Alumunium Quad Seal 1000gr ;155 micron;2(150+100)mm X 390mm;Putih;3.200;2500;;;;;;;;;;;;;;;;;;;;;;;
;GST-A-QUA-22x30-GLD;Gusset;opp 20 / alu 7 / lldpe 90;Gusset Alumunium Quad Seal 1000gr (Takaran Serbuk);120 micron;2(160+60)mm x 300mm;Gold;2.300;1650;;;;;;;;;;;;;;;;;;;;;;;
;GST-A-QUA-22x30-SLV;Gusset;opp 20 / alu 7 / lldpe 90;Gusset Alumunium Quad Seal 1000gr (Takaran Serbuk);120 micron;2(160+60)mm x 300mm;Silver;2.300;1650;;;;;;;;;;;;;;;;;;;;;;;
;GST-A-QUA-11.5x38-BLK;Gusset;opp doff 20 / alu 7 / lldpe 70;Gusset Alumunium Quad Seal 100gr ;105 micron;2(80+35)mm X 220mm;Hitam;1.350;900;;;;;;;;;;;;;;;;;;;;;;;
;GST-A-QUA-11.5x38-WHT;Gusset;opp doff 20 / alu 7 / lldpe 70;Gusset Alumunium Quad Seal 100gr ;105 micron;2(80+35)mm X 220mm;Putih;1.350;900;;;;;;;;;;;;;;;;;;;;;;;
;GST-A-QUA-15x30-BLK;Gusset;opp doff 20 / alu 7 / lldpe 90;Gusset Alumunium Quad Seal 250gr ;125 micron;2(90+60)mm X 300mm;Hitam;1.800;1100;;;;;;;;;;;;;;;;;;;;;;;
;GST-A-QUA-15x30-WHT;Gusset;opp doff 20 / alu 7 / lldpe 90;Gusset Alumunium Quad Seal 250gr ;125 micron;2(90+60)mm X 300mm;Putih;1.800;1100;;;;;;;;;;;;;;;;;;;;;;;
;GST-A-QUA-39.5x60-SLV;Gusset;opp 20 / alu 7 / lldpe 120;Gusset Alumunium Quad Seal 5000gr ;150 micron;2(240+145)mm x 600mm;Silver;9.800;8000;;;;;;;;;;;;;;;;;;;;;;;
;GST-A-QUA-19x34-BLK;Gusset;opp doff 20 / alu 7 / lldpe 100;Gusset Alumunium Quad Seal 500gr ;135 micron;2(110+80)mm X 340mm;Hitam;2.800;1800;;;;;;;;;;;;;;;;;;;;;;;
;GST-A-QUA-19x34-WHT;Gusset;opp doff 20 / alu 7 / lldpe 100;Gusset Alumunium Quad Seal 500gr ;135 micron;2(110+80)mm X 340mm;Putih;2.800;1800;;;;;;;;;;;;;;;;;;;;;;;
;GST-A-ECO-25x39-BRN;Gusset;Litho 40  / alu 7 / lldpe 120;Gusset Eco Alumunium 1000gr;155 micron;2(150+100)mm X 390mm;Coklat;3.200;2500;;;;;;;;;;;;;;;;;;;;;;;
;GST-A-ECO-11.5x22-BRN;Gusset;Litho 40 / alu 7 / lldpe 70;Gusset Eco Alumunium 100gr;105 micron;2(80+35)mm X 220mm;Coklat;1.350;900;;;;;;;;;;;;;;;;;;;;;;;
;GST-A-ECO-15x30-BRN;Gusset;Litho 40 / alu 7 / lldpe 90;Gusset Eco Alumunium 250gr;125 micron;2(90+60)mm X 300mm;Coklat;1.800;1100;;;;;;;;;;;;;;;;;;;;;;;
;SCT-A-BBK-20x30-SLV;Sachet;pet 12 / alu 7 / lldpe 60;Sachet 1000gr;85 micron;200mm x 300mm;Silver;1.100;950;;;;;;;;;;;;;;;;;;;;;;;
;SCT-A-BBK-8x9-SLV;Sachet;pet 12 / alu 7 / lldpe 50;Sachet 15gr;75 micron;80mm x 90mm;Silver;165;154;;;;;;;;;;;;;;;;;;;;;;;
;SCT-A-BBK-8x12-SLV;Sachet;pet 12 / alu 7 / lldpe 50;Sachet 25gr;75 micron;80mm x 120mm;Silver;220;179;;;;;;;;;;;;;;;;;;;;;;;
;SCT-A-BBK-12x12-SLV;Sachet;pet 12 / alu 7 / lldpe 50;Sachet 35gr;75 micron;120mm x 120mm;Silver;340;278;;;;;;;;;;;;;;;;;;;;;;;
;SCT-A-BBK-12x16-SLV;Sachet;pet 12 / alu 7 / lldpe 50;Sachet 50gr;75 micron;120mm x 160mm;Silver;425;314;;;;;;;;;;;;;;;;;;;;;;;
;SCT-M-DRP-10x12.5-BLK;Sachet;opp doff 20 / vmpet 12 / lldpe 95;Sachet Drip ;130 micron;100mm x 125mm;Black ;585;400;;;;;;;;;;;;;;;;;;;;;;;
;SCT-M-DRP-10x12.5-WHT;Sachet;opp doff 20 / vmpet 12 / lldpe 95;Sachet Drip ;130 micron;100mm x 125mm;White;585;400;;;;;;;;;;;;;;;;;;;;;;;
;RET-R-SCT-8x9-SLV;Sachet;pet 12 / alu 7 / nylon 15 / cpp retort 80;Sachet Retort;;80mm x 90mm;Silver;485;330;;;;;;;;;;;;;;;;;;;;;;;
;RET-R-SCT-25x50-SLV;Sachet;pet 12 / alu 7 / nylon 15 / cpp retort 80;Sachet Retort;;250mm x 500mm;Silver;8.435;5722;;;;;;;;;;;;;;;;;;;;;;;
;RET-R-SCT-25x34-SLV;Sachet;pet 12 / alu 7 / nylon 15 / cpp retort 80;Sachet Retort;;250mm x 340mm;Silver;4.190;2843;;;;;;;;;;;;;;;;;;;;;;;
;RET-R-SCT-17x25-SLV;Sachet;pet 12 / alu 7 / nylon 15 / cpp retort 80;Sachet Retort;;170mm x 250mm;Silver;2.945;1996;;;;;;;;;;;;;;;;;;;;;;;
;RET-R-SCT-16x23-SLV;Sachet;pet 12 / alu 7 / nylon 15 / cpp retort 80;Sachet Retort;;160mm x 230mm;Silver;1.890;1281;;;;;;;;;;;;;;;;;;;;;;;
;RET-R-SCT-15x40-SLV;Sachet;pet 12 / alu 7 / nylon 15 / cpp retort 80;Sachet Retort;;150mm x 400mm;Silver;3.440;2337;;;;;;;;;;;;;;;;;;;;;;;
;RET-R-SCT-15x30-SLV;Sachet;pet 12 / alu 7 / nylon 15 / cpp retort 80;Sachet Retort;;150mm x 300mm;Silver;2.610;1771;;;;;;;;;;;;;;;;;;;;;;;
;RET-R-SCT-15x20-SLV;Sachet;pet 12 / alu 7 / nylon 15 / cpp retort 80;Sachet Retort;;150mm x 200mm;Silver;1.780;1208;;;;;;;;;;;;;;;;;;;;;;;
;RET-R-SCT-13x21-SLV;Sachet;pet 12 / alu 7 / nylon 15 / cpp retort 80;Sachet Retort;;130mm x 210mm;Silver;1.550;1053;;;;;;;;;;;;;;;;;;;;;;;
;RET-R-SCT-12x15-SLV;Sachet;pet 12 / alu 7 / nylon 15 / cpp retort 80;Sachet Retort;;120mm x 150mm;Silver;1.110;753;;;;;;;;;;;;;;;;;;;;;;;
;RET-R-SCT-12x12-SLV;Sachet;pet 12 / alu 7 / nylon 15 / cpp retort 80;Sachet Retort;;120mm x 120mm;Silver;1.105;751;;;;;;;;;;;;;;;;;;;;;;;
;STP-B-ZIP-49x38-BLK;Standing Pouch;pet 12 / vmpet 12 / lldpe 140;Standing Pouch 5kg;165 micron;2(490+90)mm x 380mm;Black ;7.700;7000;;;;;;;;;;;;;;;;;;;;;;;
;STP-A-ZIP-9x15-SLV;Standing Pouch;PET 12 / ALU 7 / LLDPE 50 ;Standing Pouch Alumunium Zipper;75 Micron;9 cm x 15 cm ;Silver ;540;448;;;;;;;;;;;;;;;;;;;;;;;
;STP-A-ZIP-9x15-GLD;Standing Pouch;PET 12 / ALU 7 / LLDPE 50 ;Standing Pouch Alumunium Zipper;75 Micron;9 cm x 15 cm ;Gold ;585;486;;;;;;;;;;;;;;;;;;;;;;;
;STP-A-ZIP-9x15-BLK;Standing Pouch;PET 12 / ALU 7 / LLDPE 50 ;Standing Pouch Alumunium Zipper;75 Micron;9 cm x 15 cm ;Black ;585;486;;;;;;;;;;;;;;;;;;;;;;;
;STP-A-ZIP-9x15-WHT;Standing Pouch;PET 12 / ALU 7 / LLDPE 50 ;Standing Pouch Alumunium Zipper;75 Micron;9 cm x 15 cm ;White ;585;486;;;;;;;;;;;;;;;;;;;;;;;
;STP-A-ZIP-18x29-SLV;Standing Pouch;PET 12 / ALU 7 / LLDPE 80;Standing Pouch Alumunium Zipper;106 Micron;18 cm x 29 cm ;Silver ;1.920;1600;;;;;;;;;;;;;;;;;;;;;;;
;STP-A-ZIP-18x29-GLD;Standing Pouch;PET 12 / ALU 7 / LLDPE 80;Standing Pouch Alumunium Zipper;106 Micron;18 cm x 29 cm ;Gold ;1.995;1664;;;;;;;;;;;;;;;;;;;;;;;
;STP-A-ZIP-18x29-BLK;Standing Pouch;PET 12 / ALU 7 / LLDPE 80;Standing Pouch Alumunium Zipper;106 Micron;18 cm x 29 cm ;Black ;1.995;1664;;;;;;;;;;;;;;;;;;;;;;;
;STP-A-ZIP-18x29-WHT;Standing Pouch;PET 12 / ALU 7 / LLDPE 80;Standing Pouch Alumunium Zipper;106 Micron;18 cm x 29 cm ;White ;1.995;1664;;;;;;;;;;;;;;;;;;;;;;;
;STP-A-ZIP-14x23-SLV;Standing Pouch;PET 12 / ALU 7 / LLDPE 70;Standing Pouch Alumunium Zipper;95 Micron;14 cm x 23 cm ;Silver ;935;778;;;;;;;;;;;;;;;;;;;;;;;
;STP-A-ZIP-14x23-GLD;Standing Pouch;PET 12 / ALU 7 / LLDPE 70;Standing Pouch Alumunium Zipper;95 Micron;14 cm x 23 cm ;Gold ;985;822;;;;;;;;;;;;;;;;;;;;;;;
;STP-A-ZIP-14x23-BLK;Standing Pouch;PET 12 / ALU 7 / LLDPE 70;Standing Pouch Alumunium Zipper;95 Micron;14 cm x 23 cm ;Black ;985;822;;;;;;;;;;;;;;;;;;;;;;;
;STP-A-ZIP-14x23-WHT;Standing Pouch;PET 12 / ALU 7 / LLDPE 70;Standing Pouch Alumunium Zipper;95 Micron;14 cm x 23 cm ;White ;985;822;;;;;;;;;;;;;;;;;;;;;;;
;STP-A-ZIP-13x20.5-SLV;Standing Pouch;PET 12 / ALU 7 / LLDPE 60;Standing Pouch Alumunium Zipper;85 Micron ;13 cm x 20.5 cm ;Silver ;845;704;;;;;;;;;;;;;;;;;;;;;;;
;STP-A-ZIP-13x20.5-GLD;Standing Pouch;PET 12 / ALU 7 / LLDPE 60;Standing Pouch Alumunium Zipper;85 Micron ;13 cm x 20.5 cm ;Gold ;890;739;;;;;;;;;;;;;;;;;;;;;;;
;STP-A-ZIP-13x20.5-BLK;Standing Pouch;PET 12 / ALU 7 / LLDPE 60;Standing Pouch Alumunium Zipper;85 Micron ;13 cm x 20.5 cm ;Black ;890;739;;;;;;;;;;;;;;;;;;;;;;;
;STP-A-ZIP-13x20.5-WHT;Standing Pouch;PET 12 / ALU 7 / LLDPE 60;Standing Pouch Alumunium Zipper;85 Micron ;13 cm x 20.5 cm ;White ;890;739;;;;;;;;;;;;;;;;;;;;;;;
;STP-A-ZIP-24x34-BLK;Standing Pouch;opp doff 20 / ALU 7 / LLDPE 100;Standing Pouch Alumunium Zipper Premium 1000gr ;135 micron;24 cm x 34 cm ;Black;3.300;2650;;;;;;;;;;;;;;;;;;;;;;;
;STP-A-ZIP-24x34-BLK;Standing Pouch;opp doff 20 / ALU 7 / LLDPE 100;Standing Pouch Alumunium Zipper Premium 1000gr ;135 micron;24 cm x 34 cm ;White;3.300;2650;;;;;;;;;;;;;;;;;;;;;;;
;STP-A-ZIP-16x23-BLK;Standing Pouch;opp doff 20 / ALU 7 / LLDPE 100;Standing Pouch Alumunium Zipper Premium 250gr ;135 micron;16 cm x 23 cm ;Black;2.250;1800;;;;;;;;;;;;;;;;;;;;;;;
;STP-A-ZIP-16x23-WHT;Standing Pouch;opp doff 20 / ALU 7 / LLDPE 100;Standing Pouch Alumunium Zipper Premium 250gr ;135 micron;16 cm x 23 cm ;White;2.250;1800;;;;;;;;;;;;;;;;;;;;;;;
;STP-A-ZIP-19x27-BLK;Standing Pouch;opp doff 20 / ALU 7 / LLDPE 100;Standing Pouch Alumunium Zipper Premium 500gr ;135 micron;19 cm x 27 cm ;Black;2.875;2300;;;;;;;;;;;;;;;;;;;;;;;
;STP-A-ZIP-19x27-WHT;Standing Pouch;opp doff 20 / ALU 7 / LLDPE 100;Standing Pouch Alumunium Zipper Premium 500gr ;135 micron;19 cm x 27 cm ;White;2.875;2300;;;;;;;;;;;;;;;;;;;;;;;
;STP-E-ZIP-30x40-KRF;Standing Pouch;kraft pe lldpe;Standing Pouch Eco Zipper Window ;150micron;300mm x 400mm;Coklat;3.746;3122;;;;;;;;;;;;;;;;;;;;;;;
;STP-E-ZIP-23x33-KRF;Standing Pouch;kraft pe lldpe;Standing Pouch Eco Zipper Window ;150micron;230mm x 330mm;Coklat;1.982;1652;;;;;;;;;;;;;;;;;;;;;;;
;STP-E-ZIP-20x30-KRF;Standing Pouch;kraft pe lldpe;Standing Pouch Eco Zipper Window ;150micron;200mm x 300mm;Coklat;1.466;1222;;;;;;;;;;;;;;;;;;;;;;;
;STP-E-ZIP-16x23-KRF;Standing Pouch;kraft pe lldpe;Standing Pouch Eco Zipper Window ;150micron;160mm x 230mm;Coklat;937;781;;;;;;;;;;;;;;;;;;;;;;;
;STP-E-ZIP-14x20-KRF;Standing Pouch;kraft pe lldpe;Standing Pouch Eco Zipper Window ;150micron;140mm x 200mm;Coklat;871;726;;;;;;;;;;;;;;;;;;;;;;;
;STP-E-ZIP-10x15-KRF;Standing Pouch;kraft pe lldpe;Standing Pouch Eco Zipper Window ;150micron;100mm x 150mm;Coklat;452;377;;;;;;;;;;;;;;;;;;;;;;;
;STP-L-ZIP-16x27-TRS;Standing Pouch;NYLON 15 / LLDPE 135;Standing Pouch Liquid 1000 ml ;155 Micron;16 cm x 27 cm ;Transparent ;1.260;992;;;;;;;;;;;;;;;;;;;;;;;
;STP-L-ZIP-22x30-TRS;Standing Pouch;PET 12 / NYLON 15 / LLDPE 135 ;Standing Pouch Liquid 2000 ml ;167 Micron ;22 cm x 30 cm ;Transparent ;2.230;1856;;;;;;;;;;;;;;;;;;;;;;;
;STP-L-ZIP-12x16-TRS;Standing Pouch;NYLON 15 / LLDPE 100;Standing Pouch Liquid 250 ml ;140 Micron;12 cm x 16 cm ;Transparent ;660;550;;;;;;;;;;;;;;;;;;;;;;;
;STP-L-ZIP-14x20-TRS;Standing Pouch;NYLON 15 / LLDPE 120 ;Standing Pouch Liquid 500 ml ;140 Micron;14 cm x 20 cm ;Transparent ;775;625;;;;;;;;;;;;;;;;;;;;;;;
;STP-K-ZIP-9x15-LTH ;Standing Pouch;LITHO 40 / ALU 7 / LLDPE 60 ;Standing Pouch Paper/Kraft ;115 Micron;9 cm x 15 cm ;Litho;585;448;;;;;;;;;;;;;;;;;;;;;;;
;STP-K-ZIP-24x34-LTH ;Standing Pouch;LITHO 40 / ALU 7 / LLDPE 100;Standing Pouch Paper/Kraft ;115 Micron;24 cm x 34 cm ;Litho;2.800;2336;;;;;;;;;;;;;;;;;;;;;;;
;STP-K-ZIP-18x29-LTH ;Standing Pouch;LITHO 40 / ALU 7 / LLDPE 90;Standing Pouch Paper/Kraft ;145 Micron ;18 cm x 29 cm ;Litho;1.880;1568;;;;;;;;;;;;;;;;;;;;;;;
;STP-K-ZIP-14x23-LTH ;Standing Pouch;LITHO 40 / ALU 7 / LLDPE 80;Standing Pouch Paper/Kraft ;135 Micron;14 cm x 23 cm ;Litho;1.115;928;;;;;;;;;;;;;;;;;;;;;;;
;STP-K-ZIP-13x20.5-LTH;Standing Pouch;LITHO 40 / ALU 7 / LLDPE 70;Standing Pouch Paper/Kraft ;125 Micron;13 cm x 20.5 cm ;Litho;1.040;864;;;;;;;;;;;;;;;;;;;;;;;
;STP-M-ZIP-20x30-BLK;Standing Pouch;pet 12 / vmpet 12 / lldpe 80;Standing Pouch Window;110 micron;200mm x 300mm;Black ;1.450;1140;;;;;;;;;;;;;;;;;;;;;;;
;STP-M-ZIP-20x30-WHT;Standing Pouch;pet 12 / vmpet 12 / lldpe 80;Standing Pouch Window;110 micron;200mm x 300mm;White;1.450;1140;;;;;;;;;;;;;;;;;;;;;;;
;STP-M-ZIP-20x30-GRN;Standing Pouch;pet 12 / vmpet 12 / lldpe 80;Standing Pouch Window;110 micron;200mm x 300mm;Green;1.450;1140;;;;;;;;;;;;;;;;;;;;;;;
;STP-M-ZIP-20x30-RED;Standing Pouch;pet 12 / vmpet 12 / lldpe 80;Standing Pouch Window;110 micron;200mm x 300mm;Red;1.450;1140;;;;;;;;;;;;;;;;;;;;;;;
;STP-M-ZIP-20x30-GLD;Standing Pouch;pet 12 / vmpet 12 / lldpe 80;Standing Pouch Window;110 micron;200mm x 300mm;Gold ;1.450;1140;;;;;;;;;;;;;;;;;;;;;;;
;STP-M-ZIP-20x30-BLU;Standing Pouch;pet 12 / vmpet 12 / lldpe 80;Standing Pouch Window;110 micron;200mm x 300mm;Blue;1.450;1140;;;;;;;;;;;;;;;;;;;;;;;
;STP-M-ZIP-20x30-PRP;Standing Pouch;pet 12 / vmpet 12 / lldpe 80;Standing Pouch Window;110 micron;200mm x 300mm;Purple;1.450;1140;;;;;;;;;;;;;;;;;;;;;;;
;STP-M-ZIP-16x24-BLK;Standing Pouch;pet 12 / vmpet 12 / lldpe 80;Standing Pouch Window;110 micron;160mm x 240mm;Black ;990;911;;;;;;;;;;;;;;;;;;;;;;;
;STP-M-ZIP-16x24-WHT;Standing Pouch;pet 12 / vmpet 12 / lldpe 80;Standing Pouch Window;110 micron;160mm x 240mm;White;990;911;;;;;;;;;;;;;;;;;;;;;;;
;STP-M-ZIP-16x24-GRN;Standing Pouch;pet 12 / vmpet 12 / lldpe 80;Standing Pouch Window;110 micron;160mm x 240mm;Green;990;911;;;;;;;;;;;;;;;;;;;;;;;
;STP-M-ZIP-16x24-RED;Standing Pouch;pet 12 / vmpet 12 / lldpe 80;Standing Pouch Window;110 micron;160mm x 240mm;Red;990;911;;;;;;;;;;;;;;;;;;;;;;;
;STP-M-ZIP-16x24-GLD;Standing Pouch;pet 12 / vmpet 12 / lldpe 80;Standing Pouch Window;110 micron;160mm x 240mm;Gold ;990;911;;;;;;;;;;;;;;;;;;;;;;;
;STP-M-ZIP-16x24-BLU;Standing Pouch;pet 12 / vmpet 12 / lldpe 80;Standing Pouch Window;110 micron;160mm x 240mm;Blue;990;911;;;;;;;;;;;;;;;;;;;;;;;
;STP-M-ZIP-16x24-PRP;Standing Pouch;pet 12 / vmpet 12 / lldpe 80;Standing Pouch Window;110 micron;160mm x 240mm;Purple;990;911;;;;;;;;;;;;;;;;;;;;;;;
;STP-M-ZIP-15x22-BLK;Standing Pouch;pet 12 / vmpet 12 / lldpe 80;Standing Pouch Window;110 micron;150mm x 220mm;Black ;870;656;;;;;;;;;;;;;;;;;;;;;;;
;STP-M-ZIP-15x22-WHT;Standing Pouch;pet 12 / vmpet 12 / lldpe 80;Standing Pouch Window;110 micron;150mm x 220mm;White;870;656;;;;;;;;;;;;;;;;;;;;;;;
;STP-M-ZIP-15x22-GRN;Standing Pouch;pet 12 / vmpet 12 / lldpe 80;Standing Pouch Window;110 micron;150mm x 220mm;Green;870;656;;;;;;;;;;;;;;;;;;;;;;;
;STP-M-ZIP-15x22-RED;Standing Pouch;pet 12 / vmpet 12 / lldpe 80;Standing Pouch Window;110 micron;150mm x 220mm;Red;870;656;;;;;;;;;;;;;;;;;;;;;;;
;STP-M-ZIP-15x22-GLD;Standing Pouch;pet 12 / vmpet 12 / lldpe 80;Standing Pouch Window;110 micron;150mm x 220mm;Gold ;870;656;;;;;;;;;;;;;;;;;;;;;;;
;STP-M-ZIP-15x22-BLU;Standing Pouch;pet 12 / vmpet 12 / lldpe 80;Standing Pouch Window;110 micron;150mm x 220mm;Blue;870;656;;;;;;;;;;;;;;;;;;;;;;;
;STP-M-ZIP-15x22-PRP;Standing Pouch;pet 12 / vmpet 12 / lldpe 80;Standing Pouch Window;110 micron;150mm x 220mm;Purple;870;656;;;;;;;;;;;;;;;;;;;;;;;
;STP-M-ZIP-14x20-BLK;Standing Pouch;pet 12 / vmpet 12 / lldpe 80;Standing Pouch Window;110 micron;140mm x 200mm;Black ;840;586;;;;;;;;;;;;;;;;;;;;;;;
;STP-M-ZIP-14x20-WHT;Standing Pouch;pet 12 / vmpet 12 / lldpe 80;Standing Pouch Window;110 micron;140mm x 200mm;White;840;586;;;;;;;;;;;;;;;;;;;;;;;
;STP-M-ZIP-14x20-GRN;Standing Pouch;pet 12 / vmpet 12 / lldpe 80;Standing Pouch Window;110 micron;140mm x 200mm;Green;840;586;;;;;;;;;;;;;;;;;;;;;;;
;STP-M-ZIP-14x20-RED;Standing Pouch;pet 12 / vmpet 12 / lldpe 80;Standing Pouch Window;110 micron;140mm x 200mm;Red;840;586;;;;;;;;;;;;;;;;;;;;;;;
;STP-M-ZIP-14x20-GLD;Standing Pouch;pet 12 / vmpet 12 / lldpe 80;Standing Pouch Window;110 micron;140mm x 200mm;Gold ;840;586;;;;;;;;;;;;;;;;;;;;;;;
;STP-M-ZIP-14x20-BLU;Standing Pouch;pet 12 / vmpet 12 / lldpe 80;Standing Pouch Window;110 micron;140mm x 200mm;Blue;840;586;;;;;;;;;;;;;;;;;;;;;;;
;STP-M-ZIP-14x20-PRP;Standing Pouch;pet 12 / vmpet 12 / lldpe 80;Standing Pouch Window;110 micron;140mm x 200mm;Purple;840;586;;;;;;;;;;;;;;;;;;;;;;;
;STP-M-ZIP-12x20-BLK;Standing Pouch;pet 12 / vmpet 12 / lldpe 80;Standing Pouch Window;110 micron;120mm x 200mm;Black ;700;500;;;;;;;;;;;;;;;;;;;;;;;
;STP-M-ZIP-12x20-WHT;Standing Pouch;pet 12 / vmpet 12 / lldpe 80;Standing Pouch Window;110 micron;120mm x 200mm;White;700;500;;;;;;;;;;;;;;;;;;;;;;;
;STP-M-ZIP-12x20-GRN;Standing Pouch;pet 12 / vmpet 12 / lldpe 80;Standing Pouch Window;110 micron;120mm x 200mm;Green;700;500;;;;;;;;;;;;;;;;;;;;;;;
;STP-M-ZIP-12x20-RED;Standing Pouch;pet 12 / vmpet 12 / lldpe 80;Standing Pouch Window;110 micron;120mm x 200mm;Red;700;500;;;;;;;;;;;;;;;;;;;;;;;
;STP-M-ZIP-12x20-GLD;Standing Pouch;pet 12 / vmpet 12 / lldpe 80;Standing Pouch Window;110 micron;120mm x 200mm;Gold ;700;500;;;;;;;;;;;;;;;;;;;;;;;
;STP-M-ZIP-12x20-BLU;Standing Pouch;pet 12 / vmpet 12 / lldpe 80;Standing Pouch Window;110 micron;120mm x 200mm;Blue;700;500;;;;;;;;;;;;;;;;;;;;;;;
;STP-M-ZIP-12x20-PRP;Standing Pouch;pet 12 / vmpet 12 / lldpe 80;Standing Pouch Window;110 micron;120mm x 200mm;Purple;700;500;;;;;;;;;;;;;;;;;;;;;;;
;STP-M-ZIP-10x15-BLK;Standing Pouch;pet 12 / vmpet 12 / lldpe 80;Standing Pouch Window;110 micron;100mm x 150mm;Black ;560;360;;;;;;;;;;;;;;;;;;;;;;;
;STP-M-ZIP-10x15-WHT;Standing Pouch;pet 12 / vmpet 12 / lldpe 80;Standing Pouch Window;110 micron;100mm x 150mm;White;560;360;;;;;;;;;;;;;;;;;;;;;;;
;STP-M-ZIP-10x15-GRN;Standing Pouch;pet 12 / vmpet 12 / lldpe 80;Standing Pouch Window;110 micron;100mm x 150mm;Green;560;360;;;;;;;;;;;;;;;;;;;;;;;
;STP-M-ZIP-10x15-RED;Standing Pouch;pet 12 / vmpet 12 / lldpe 80;Standing Pouch Window;110 micron;100mm x 150mm;Red;560;360;;;;;;;;;;;;;;;;;;;;;;;
;STP-M-ZIP-10x15-GLD;Standing Pouch;pet 12 / vmpet 12 / lldpe 80;Standing Pouch Window;110 micron;100mm x 150mm;Gold ;560;360;;;;;;;;;;;;;;;;;;;;;;;
;STP-M-ZIP-10x15-BLU;Standing Pouch;pet 12 / vmpet 12 / lldpe 80;Standing Pouch Window;110 micron;100mm x 150mm;Blue;560;360;;;;;;;;;;;;;;;;;;;;;;;
;STP-M-ZIP-10x15-PRP;Standing Pouch;pet 12 / vmpet 12 / lldpe 80;Standing Pouch Window;110 micron;100mm x 150mm;Purple;560;360;;;;;;;;;;;;;;;;;;;;;;;
;STP-L-ZIP-10x15-TRS;Standing Pouch;pet 12 / lldpe 60;Standing Pouch Zipper Lightpack;75 micron;100mm x 150mm;Transparent;342;285;;;;;;;;;;;;;;;;;;;;;;;
;STP-L-ZIP-22x32-TRS;Standing Pouch;pet 12 / lldpe 60;Standing Pouch Zipper Lightpack ;75 micron;220mm x 320mm;Transparent;1.220;1017;;;;;;;;;;;;;;;;;;;;;;;
;STP-L-ZIP-20x30-TRS;Standing Pouch;pet 12 / lldpe 60;Standing Pouch Zipper Lightpack ;75 micron;200mm x 300mm;Transparent;983;819;;;;;;;;;;;;;;;;;;;;;;;
;STP-L-ZIP-16x24-TRS;Standing Pouch;pet 12 / lldpe 60;Standing Pouch Zipper Lightpack ;75 micron;160mm x 240mm;Transparent;899;749;;;;;;;;;;;;;;;;;;;;;;;
;STP-L-ZIP-15x22-TRS;Standing Pouch;pet 12 / lldpe 60;Standing Pouch Zipper Lightpack ;75 micron;150mm x 220mm;Transparent;630;525;;;;;;;;;;;;;;;;;;;;;;;
;STP-L-ZIP-14x20-TRS;Standing Pouch;pet 12 / lldpe 60;Standing Pouch Zipper Lightpack ;75 micron;140mm x 200mm;Transparent;553;461;;;;;;;;;;;;;;;;;;;;;;;
;STP-L-ZIP-12x20-TRS;Standing Pouch;pet 12 / lldpe 60;Standing Pouch Zipper Lightpack ;75 micron;120mm x 200mm;Transparent;;;;;;;;;;;;;;;;;;;;;;;;;
;VCM-N-EMB-7x12-NYL;Vacuum Pack;Sisi Polos 90 micron, Sisi Bintik 190 micron;Vacuum Pack Embossed;280 micron;70mm x 120mm;Transparent ;155;110;;;;;;;;;;;;;;;;;;;;;;;
;VCM-N-EMB-7x10-NYL;Vacuum Pack;Sisi Polos 90 micron, Sisi Bintik 190 micron;Vacuum Pack Embossed;280 micron;70mm x 100mm;Transparent ;175;;;;;;;;;;;;;;;;;;;;;;;;
;VCM-N-EMB-30x40-NYL;Vacuum Pack;Sisi Polos 90 micron, Sisi Bintik 190 micron;Vacuum Pack Embossed;280 micron;300mm x 400mm;Transparent ;2.100;1.530;;;;;;;;;;;;;;;;;;;;;;;
;VCM-N-EMB-28x35-NYL;Vacuum Pack;Sisi Polos 90 micron, Sisi Bintik 190 micron;Vacuum Pack Embossed;280 micron;280mm x 350mm;Transparent ;1.725;1225;;;;;;;;;;;;;;;;;;;;;;;
;VCM-N-EMB-20x30-NYL;Vacuum Pack;Sisi Polos 90 micron, Sisi Bintik 190 micron;Vacuum Pack Embossed;280 micron;200mm x 300mm;Transparent ;1.122;740;;;;;;;;;;;;;;;;;;;;;;;
;VCM-N-EMB-20x25-NYL;Vacuum Pack;Sisi Polos 90 micron, Sisi Bintik 190 micron;Vacuum Pack Embossed;280 micron;200mm x 250mm;Transparent ;885;645;;;;;;;;;;;;;;;;;;;;;;;
;VCM-N-EMB-17x25-NYL;Vacuum Pack;Sisi Polos 90 micron, Sisi Bintik 190 micron;Vacuum Pack Embossed;280 micron;170mm x 250mm;Transparent ;745;545;;;;;;;;;;;;;;;;;;;;;;;
;VCM-N-EMB-15x25-NYL;Vacuum Pack;Sisi Polos 90 micron, Sisi Bintik 190 micron;Vacuum Pack Embossed;280 micron;150mm x 250mm;Transparent ;670;475;;;;;;;;;;;;;;;;;;;;;;;
;VCM-N-EMB-15x20-NYL;Vacuum Pack;Sisi Polos 90 micron, Sisi Bintik 190 micron;Vacuum Pack Embossed;280 micron;150mm x 200mm;Transparent ;495;375;;;;;;;;;;;;;;;;;;;;;;;
;VCM-N-EMB-13x18-NYL;Vacuum Pack;Sisi Polos 90 micron, Sisi Bintik 190 micron;Vacuum Pack Embossed;280 micron;130mm x 180mm;Transparent ;460;295;;;;;;;;;;;;;;;;;;;;;;;
;VCM-N-EMB-12x20-NYL;Vacuum Pack;Sisi Polos 90 micron, Sisi Bintik 190 micron;Vacuum Pack Embossed;280 micron;120mm x 200mm;Transparent ;445;305;;;;;;;;;;;;;;;;;;;;;;;
;VCM-N-EMB-12x17-NYL;Vacuum Pack;Sisi Polos 90 micron, Sisi Bintik 190 micron;Vacuum Pack Embossed;280 micron;120mm x 170mm;Transparent ;435;323;;;;;;;;;;;;;;;;;;;;;;;
;VCM-N-EMB-11x16-NYL;Vacuum Pack;Sisi Polos 90 micron, Sisi Bintik 190 micron;Vacuum Pack Embossed;280 micron;110mm x 160mm;Transparent ;370;277;;;;;;;;;;;;;;;;;;;;;;;
;VCM-N-EMB-10x15-NYL;Vacuum Pack;Sisi Polos 90 micron, Sisi Bintik 190 micron;Vacuum Pack Embossed;280 micron;100mm x 150mm;Transparent ;255;190;;;;;;;;;;;;;;;;;;;;;;;
;VCM-N-PLS-9x14-NYL;Vacuum Pack;nylon 15 / lldpe 60;Vacuum Pack Polos;75 micron;90mm x 140mm;Transparent;178;;;;;;;;;;;;;;;;;;;;;;;;
;VCM-N-PLS-7x15-NYL;Vacuum Pack;nylon 15 / lldpe 60;Vacuum Pack Polos;75 micron;70mm x 150mm;Transparent;168;;;;;;;;;;;;;;;;;;;;;;;;
;VCM-N-PLS-30x40-NYL;Vacuum Pack;nylon 15 / lldpe 60;Vacuum Pack Polos;75 micron;300mm x 400mm;Transparent ;1.690;1312;;;;;;;;;;;;;;;;;;;;;;;
;VCM-N-PLS-25x30-NYL;Vacuum Pack;nylon 15 / lldpe 60;Vacuum Pack Polos;75 micron;250mm x 300mm;Transparent ;980;864;;;;;;;;;;;;;;;;;;;;;;;
;VCM-N-PLS-23x34-NYL;Vacuum Pack;nylon 15 / lldpe 60;Vacuum Pack Polos;75 micron;230mm x 340mm;Transparent ;1.060;928;;;;;;;;;;;;;;;;;;;;;;;
;VCM-N-PLS-20x30-NYL;Vacuum Pack;nylon 15 / lldpe 60;Vacuum Pack Polos;75 micron;200mm x 300mm;Transparent ;855;691;;;;;;;;;;;;;;;;;;;;;;;
;VCM-N-PLS-20x25-NYL;Vacuum Pack;nylon 15 / lldpe 60;Vacuum Pack Polos;75 micron;200mm x 250mm;Transparent ;655;586;;;;;;;;;;;;;;;;;;;;;;;
;VCM-N-PLS-17x25-NYL;Vacuum Pack;nylon 15 / lldpe 60;Vacuum Pack Polos;75 micron;170mm x 250mm;Transparent ;580;512;;;;;;;;;;;;;;;;;;;;;;;
;VCM-N-PLS-15x40-NYL;Vacuum Pack;nylon 15 / lldpe 60;Vacuum Pack Polos;75 micron;150mm x 300mm;Transparent ;585;448;;;;;;;;;;;;;;;;;;;;;;;
;VCM-N-PLS-15x25-NYL;Vacuum Pack;nylon 15 / lldpe 60;Vacuum Pack Polos;75 micron;150mm x 250mm;Transparent ;550;378;;;;;;;;;;;;;;;;;;;;;;;
;VCM-N-PLS-15x20-NYL;Vacuum Pack;nylon 15 / lldpe 60;Vacuum Pack Polos;75 micron;150mm x 200mm;Transparent ;425;301;;;;;;;;;;;;;;;;;;;;;;;
;VCM-N-PLS-12x20-NYL;Vacuum Pack;nylon 15 / lldpe 60;Vacuum Pack Polos;75 micron;120mm x 200mm;Transparent ;350;269;;;;;;;;;;;;;;;;;;;;;;;
;VCM-N-PLS-11x16-NYL;Vacuum Pack;nylon 15 / lldpe 60;Vacuum Pack Polos;75 micron;110mm x 160mm;Transparent ;300;227;;;;;;;;;;;;;;;;;;;;;;;
;ROL-A-ALU-80x1000;Roll;pet 12 / alu 7 / lldpe 60;Roll Alumunium Foil;;800mm x 1000 M;;;;;;;;;;;;;;;;;;;;;;;;;;
;ROL-M-MTL-80x1000;Roll;opp 20 / vmcpp 40;Roll Metalized;;800mm x 1000 M;;;;;;;;;;;;;;;;;;;;;;;;;;
;ROL-M-MTL-76x1000;Roll;vmpet 12 / lldpe 50;Roll Metalized;;760mm x 1000 M;;;;;;;;;;;;;;;;;;;;;;;;;;
;ROL-M-MTL-76x1000-WHT;Roll;pet 12 / vmcpp 40;Roll Metalized Blok Putih;;760mm x 1000 M;;;;;;;;;;;;;;;;;;;;;;;;;;
;ROL-N-NYL-84x1000-NYL;Roll;nylon 15 / lldpe 40;Roll Nylon;;840mm x 1000 M;;;;;;;;;;;;;;;;;;;;;;;;;;
;;Lain Lain;;Filter Drip;;;;800;;;;;;;;;;;;;;;;;;;;;;;;
;;Lain Lain;;Valve;;;;700;;;;;;;;;;;;;;;;;;;;;;;;
;;;;;;;;;;;;;;;;;;;;;;;;;;;;;;;;
;;;;;;;;;;;;;;;;;;;;;;;;;;;;;;;;
;;;;;;;;;;;;;;;;;;;;;;;;;;;;;;;;
;;;;;;;;;;;;;;;;;;;;;;;;;;;;;;;;
;;;;;;;;;;;;;;;;;;;;;;;;;;;;;;;;
;;;;;;;;;;;;;;;;;;;;;;;;;;;;;;;;
;;;;;;;;;;;;;;;;;;;;;;;;;;;;;;;;
;;;;;;;;;;;;;;;;;;;;;;;;;;;;;;;;
;;;;;;;;;;;;;;;;;;;;;;;;;;;;;;;;
;;;;;;;;;;;;;;;;;;;;;;;;;;;;;;;;
;;;;;;;;;;;;;;;;;;;;;;;;;;;;;;;;
;;;;;;;;;;;;;;;;;;;;;;;;;;;;;;;;
;;;;;;;;;;;;;;;;;;;;;;;;;;;;;;;;
;;;;;;;;;;;;;;;;;;;;;;;;;;;;;;;;
;;;;;;;;;;;;;;;;;;;;;;;;;;;;;;;;
;;;;;;;;;;;;;;;;;;;;;;;;;;;;;;;;
;;;;;;;;;;;;;;;;;;;;;;;;;;;;;;;;
;;;;;;;;;;;;;;;;;;;;;;;;;;;;;;;;
;;;;;;;;;;;;;;;;;;;;;;;;;;;;;;;;
;;;;;;;;;;;;;;;;;;;;;;;;;;;;;;;;
;;;;;;;;;;;;;;;;;;;;;;;;;;;;;;;;
;;;;;;;;;;;;;;;;;;;;;;;;;;;;;;;;
;;;;;;;;;;;;;;;;;;;;;;;;;;;;;;;;
;;;;;;;;;;;;;;;;;;;;;;;;;;;;;;;;
;;;;;;;;;;;;;;;;;;;;;;;;;;;;;;;;
;;;;;;;;;;;;;;;;;;;;;;;;;;;;;;;;
;;;;;;;;;;;;;;;;;;;;;;;;;;;;;;;;
;;;;;;;;;;;;;;;;;;;;;;;;;;;;;;;;
;;;;;;;;;;;;;;;;;;;;;;;;;;;;;;;;
;;;;;;;;;;;;;;;;;;;;;;;;;;;;;;;;
;;;;;;;;;;;;;;;;;;;;;;;;;;;;;;;;
;;;;;;;;;;;;;;;;;;;;;;;;;;;;;;;;
;;;;;;;;;;;;;;;;;;;;;;;;;;;;;;;;
;;;;;;;;;;;;;;;;;;;;;;;;;;;;;;;;
;;;;;;;;;;;;;;;;;;;;;;;;;;;;;;;;
;;;;;;;;;;;;;;;;;;;;;;;;;;;;;;;;
;;;;;;;;;;;;;;;;;;;;;;;;;;;;;;;;
;;;;;;;;;;;;;;;;;;;;;;;;;;;;;;;;
;;;;;;;;;;;;;;;;;;;;;;;;;;;;;;;;
;;;;;;;;;;;;;;;;;;;;;;;;;;;;;;;;
;;;;;;;;;;;;;;;;;;;;;;;;;;;;;;;;
;;;;;;;;;;;;;;;;;;;;;;;;;;;;;;;;
;;;;;;;;;;;;;;;;;;;;;;;;;;;;;;;;
;;;;;;;;;;;;;;;;;;;;;;;;;;;;;;;;
;;;;;;;;;;;;;;;;;;;;;;;;;;;;;;;;
;;;;;;;;;;;;;;;;;;;;;;;;;;;;;;;;
;;;;;;;;;;;;;;;;;;;;;;;;;;;;;;;;
;;;;;;;;;;;;;;;;;;;;;;;;;;;;;;;;
;;;;;;;;;;;;;;;;;;;;;;;;;;;;;;;;
;;;;;;;;;;;;;;;;;;;;;;;;;;;;;;;;
;;;;;;;;;;;;;;;;;;;;;;;;;;;;;;;;
;;;;;;;;;;;;;;;;;;;;;;;;;;;;;;;;
;;;;;;;;;;;;;;;;;;;;;;;;;;;;;;;;
;;;;;;;;;;;;;;;;;;;;;;;;;;;;;;;;
;;;;;;;;;;;;;;;;;;;;;;;;;;;;;;;;
;;;;;;;;;;;;;;;;;;;;;;;;;;;;;;;;
;;;;;;;;;;;;;;;;;;;;;;;;;;;;;;;;
;;;;;;;;;;;;;;;;;;;;;;;;;;;;;;;;
;;;;;;;;;;;;;;;;;;;;;;;;;;;;;;;;
;;;;;;;;;;;;;;;;;;;;;;;;;;;;;;;;
;;;;;;;;;;;;;;;;;;;;;;;;;;;;;;;;
;;;;;;;;;;;;;;;;;;;;;;;;;;;;;;;;
;;;;;;;;;;;;;;;;;;;;;;;;;;;;;;;;
;;;;;;;;;;;;;;;;;;;;;;;;;;;;;;;;
;;;;;;;;;;;;;;;;;;;;;;;;;;;;;;;;
;;;;;;;;;;;;;;;;;;;;;;;;;;;;;;;;
;;;;;;;;;;;;;;;;;;;;;;;;;;;;;;;;
;;;;;;;;;;;;;;;;;;;;;;;;;;;;;;;;
;;;;;;;;;;;;;;;;;;;;;;;;;;;;;;;;
;;;;;;;;;;;;;;;;;;;;;;;;;;;;;;;;
;;;;;;;;;;;;;;;;;;;;;;;;;;;;;;;;
;;;;;;;;;;;;;;;;;;;;;;;;;;;;;;;;
;;;;;;;;;;;;;;;;;;;;;;;;;;;;;;;;
;;;;;;;;;;;;;;;;;;;;;;;;;;;;;;;;
;;;;;;;;;;;;;;;;;;;;;;;;;;;;;;;;
;;;;;;;;;;;;;;;;;;;;;;;;;;;;;;;;
;;;;;;;;;;;;;;;;;;;;;;;;;;;;;;;;
;;;;;;;;;;;;;;;;;;;;;;;;;;;;;;;;
;;;;;;;;;;;;;;;;;;;;;;;;;;;;;;;;
;;;;;;;;;;;;;;;;;;;;;;;;;;;;;;;;
;;;;;;;;;;;;;;;;;;;;;;;;;;;;;;;;
;;;;;;;;;;;;;;;;;;;;;;;;;;;;;;;;
;;;;;;;;;;;;;;;;;;;;;;;;;;;;;;;;
;;;;;;;;;;;;;;;;;;;;;;;;;;;;;;;;
;;;;;;;;;;;;;;;;;;;;;;;;;;;;;;;;
;;;;;;;;;;;;;;;;;;;;;;;;;;;;;;;;
;;;;;;;;;;;;;;;;;;;;;;;;;;;;;;;;
;;;;;;;;;;;;;;;;;;;;;;;;;;;;;;;;
;;;;;;;;;;;;;;;;;;;;;;;;;;;;;;;;
;;;;;;;;;;;;;;;;;;;;;;;;;;;;;;;;
;;;;;;;;;;;;;;;;;;;;;;;;;;;;;;;;
;;;;;;;;;;;;;;;;;;;;;;;;;;;;;;;;
;;;;;;;;;;;;;;;;;;;;;;;;;;;;;;;;
;;;;;;;;;;;;;;;;;;;;;;;;;;;;;;;;
;;;;;;;;;;;;;;;;;;;;;;;;;;;;;;;;
;;;;;;;;;;;;;;;;;;;;;;;;;;;;;;;;
;;;;;;;;;;;;;;;;;;;;;;;;;;;;;;;;
;;;;;;;;;;;;;;;;;;;;;;;;;;;;;;;;
;;;;;;;;;;;;;;;;;;;;;;;;;;;;;;;;
;;;;;;;;;;;;;;;;;;;;;;;;;;;;;;;;
;;;;;;;;;;;;;;;;;;;;;;;;;;;;;;;;
;;;;;;;;;;;;;;;;;;;;;;;;;;;;;;;;
;;;;;;;;;;;;;;;;;;;;;;;;;;;;;;;;
;;;;;;;;;;;;;;;;;;;;;;;;;;;;;;;;
;;;;;;;;;;;;;;;;;;;;;;;;;;;;;;;;
;;;;;;;;;;;;;;;;;;;;;;;;;;;;;;;;
;;;;;;;;;;;;;;;;;;;;;;;;;;;;;;;;
;;;;;;;;;;;;;;;;;;;;;;;;;;;;;;;;
;;;;;;;;;;;;;;;;;;;;;;;;;;;;;;;;
;;;;;;;;;;;;;;;;;;;;;;;;;;;;;;;;
;;;;;;;;;;;;;;;;;;;;;;;;;;;;;;;;
;;;;;;;;;;;;;;;;;;;;;;;;;;;;;;;;
;;;;;;;;;;;;;;;;;;;;;;;;;;;;;;;;
;;;;;;;;;;;;;;;;;;;;;;;;;;;;;;;;
;;;;;;;;;;;;;;;;;;;;;;;;;;;;;;;;
;;;;;;;;;;;;;;;;;;;;;;;;;;;;;;;;
;;;;;;;;;;;;;;;;;;;;;;;;;;;;;;;;
;;;;;;;;;;;;;;;;;;;;;;;;;;;;;;;;
;;;;;;;;;;;;;;;;;;;;;;;;;;;;;;;;
;;;;;;;;;;;;;;;;;;;;;;;;;;;;;;;;
;;;;;;;;;;;;;;;;;;;;;;;;;;;;;;;;
;;;;;;;;;;;;;;;;;;;;;;;;;;;;;;;;
;;;;;;;;;;;;;;;;;;;;;;;;;;;;;;;;
;;;;;;;;;;;;;;;;;;;;;;;;;;;;;;;;
;;;;;;;;;;;;;;;;;;;;;;;;;;;;;;;;
;;;;;;;;;;;;;;;;;;;;;;;;;;;;;;;;
;;;;;;;;;;;;;;;;;;;;;;;;;;;;;;;;
;;;;;;;;;;;;;;;;;;;;;;;;;;;;;;;;
;;;;;;;;;;;;;;;;;;;;;;;;;;;;;;;;
;;;;;;;;;;;;;;;;;;;;;;;;;;;;;;;;
;;;;;;;;;;;;;;;;;;;;;;;;;;;;;;;;
;;;;;;;;;;;;;;;;;;;;;;;;;;;;;;;;
;;;;;;;;;;;;;;;;;;;;;;;;;;;;;;;;
;;;;;;;;;;;;;;;;;;;;;;;;;;;;;;;;
;;;;;;;;;;;;;;;;;;;;;;;;;;;;;;;;
;;;;;;;;;;;;;;;;;;;;;;;;;;;;;;;;
;;;;;;;;;;;;;;;;;;;;;;;;;;;;;;;;
;;;;;;;;;;;;;;;;;;;;;;;;;;;;;;;;
;;;;;;;;;;;;;;;;;;;;;;;;;;;;;;;;
;;;;;;;;;;;;;;;;;;;;;;;;;;;;;;;;
;;;;;;;;;;;;;;;;;;;;;;;;;;;;;;;;
;;;;;;;;;;;;;;;;;;;;;;;;;;;;;;;;
;;;;;;;;;;;;;;;;;;;;;;;;;;;;;;;;
;;;;;;;;;;;;;;;;;;;;;;;;;;;;;;;;
;;;;;;;;;;;;;;;;;;;;;;;;;;;;;;;;
;;;;;;;;;;;;;;;;;;;;;;;;;;;;;;;;
;;;;;;;;;;;;;;;;;;;;;;;;;;;;;;;;
;;;;;;;;;;;;;;;;;;;;;;;;;;;;;;;;
;;;;;;;;;;;;;;;;;;;;;;;;;;;;;;;;
;;;;;;;;;;;;;;;;;;;;;;;;;;;;;;;;
;;;;;;;;;;;;;;;;;;;;;;;;;;;;;;;;
;;;;;;;;;;;;;;;;;;;;;;;;;;;;;;;;
;;;;;;;;;;;;;;;;;;;;;;;;;;;;;;;;
;;;;;;;;;;;;;;;;;;;;;;;;;;;;;;;;
;;;;;;;;;;;;;;;;;;;;;;;;;;;;;;;;
;;;;;;;;;;;;;;;;;;;;;;;;;;;;;;;;
;;;;;;;;;;;;;;;;;;;;;;;;;;;;;;;;
;;;;;;;;;;;;;;;;;;;;;;;;;;;;;;;;
;;;;;;;;;;;;;;;;;;;;;;;;;;;;;;;;
;;;;;;;;;;;;;;;;;;;;;;;;;;;;;;;;
;;;;;;;;;;;;;;;;;;;;;;;;;;;;;;;;
;;;;;;;;;;;;;;;;;;;;;;;;;;;;;;;;
;;;;;;;;;;;;;;;;;;;;;;;;;;;;;;;;
;;;;;;;;;;;;;;;;;;;;;;;;;;;;;;;;
;;;;;;;;;;;;;;;;;;;;;;;;;;;;;;;;
;;;;;;;;;;;;;;;;;;;;;;;;;;;;;;;;
;;;;;;;;;;;;;;;;;;;;;;;;;;;;;;;;
;;;;;;;;;;;;;;;;;;;;;;;;;;;;;;;;
;;;;;;;;;;;;;;;;;;;;;;;;;;;;;;;;
;;;;;;;;;;;;;;;;;;;;;;;;;;;;;;;;
;;;;;;;;;;;;;;;;;;;;;;;;;;;;;;;;
;;;;;;;;;;;;;;;;;;;;;;;;;;;;;;;;
;;;;;;;;;;;;;;;;;;;;;;;;;;;;;;;;
;;;;;;;;;;;;;;;;;;;;;;;;;;;;;;;;
;;;;;;;;;;;;;;;;;;;;;;;;;;;;;;;;
;;;;;;;;;;;;;;;;;;;;;;;;;;;;;;;;
;;;;;;;;;;;;;;;;;;;;;;;;;;;;;;;;
;;;;;;;;;;;;;;;;;;;;;;;;;;;;;;;;
;;;;;;;;;;;;;;;;;;;;;;;;;;;;;;;;
;;;;;;;;;;;;;;;;;;;;;;;;;;;;;;;;
;;;;;;;;;;;;;;;;;;;;;;;;;;;;;;;;
;;;;;;;;;;;;;;;;;;;;;;;;;;;;;;;;
;;;;;;;;;;;;;;;;;;;;;;;;;;;;;;;;
;;;;;;;;;;;;;;;;;;;;;;;;;;;;;;;;
;;;;;;;;;;;;;;;;;;;;;;;;;;;;;;;;
;;;;;;;;;;;;;;;;;;;;;;;;;;;;;;;;
;;;;;;;;;;;;;;;;;;;;;;;;;;;;;;;;
;;;;;;;;;;;;;;;;;;;;;;;;;;;;;;;;
;;;;;;;;;;;;;;;;;;;;;;;;;;;;;;;;
;;;;;;;;;;;;;;;;;;;;;;;;;;;;;;;;
;;;;;;;;;;;;;;;;;;;;;;;;;;;;;;;;
;;;;;;;;;;;;;;;;;;;;;;;;;;;;;;;;
;;;;;;;;;;;;;;;;;;;;;;;;;;;;;;;;
;;;;;;;;;;;;;;;;;;;;;;;;;;;;;;;;
;;;;;;;;;;;;;;;;;;;;;;;;;;;;;;;;
;;;;;;;;;;;;;;;;;;;;;;;;;;;;;;;;
;;;;;;;;;;;;;;;;;;;;;;;;;;;;;;;;
;;;;;;;;;;;;;;;;;;;;;;;;;;;;;;;;
;;;;;;;;;;;;;;;;;;;;;;;;;;;;;;;;
;;;;;;;;;;;;;;;;;;;;;;;;;;;;;;;;
;;;;;;;;;;;;;;;;;;;;;;;;;;;;;;;;
;;;;;;;;;;;;;;;;;;;;;;;;;;;;;;;;
;;;;;;;;;;;;;;;;;;;;;;;;;;;;;;;;
;;;;;;;;;;;;;;;;;;;;;;;;;;;;;;;;
;;;;;;;;;;;;;;;;;;;;;;;;;;;;;;;;
;;;;;;;;;;;;;;;;;;;;;;;;;;;;;;;;
;;;;;;;;;;;;;;;;;;;;;;;;;;;;;;;;
;;;;;;;;;;;;;;;;;;;;;;;;;;;;;;;;
;;;;;;;;;;;;;;;;;;;;;;;;;;;;;;;;
;;;;;;;;;;;;;;;;;;;;;;;;;;;;;;;;
;;;;;;;;;;;;;;;;;;;;;;;;;;;;;;;;
;;;;;;;;;;;;;;;;;;;;;;;;;;;;;;;;
;;;;;;;;;;;;;;;;;;;;;;;;;;;;;;;;
;;;;;;;;;;;;;;;;;;;;;;;;;;;;;;;;
;;;;;;;;;;;;;;;;;;;;;;;;;;;;;;;;
;;;;;;;;;;;;;;;;;;;;;;;;;;;;;;;;
;;;;;;;;;;;;;;;;;;;;;;;;;;;;;;;;
;;;;;;;;;;;;;;;;;;;;;;;;;;;;;;;;
;;;;;;;;;;;;;;;;;;;;;;;;;;;;;;;;
;;;;;;;;;;;;;;;;;;;;;;;;;;;;;;;;
;;;;;;;;;;;;;;;;;;;;;;;;;;;;;;;;
;;;;;;;;;;;;;;;;;;;;;;;;;;;;;;;;
;;;;;;;;;;;;;;;;;;;;;;;;;;;;;;;;
;;;;;;;;;;;;;;;;;;;;;;;;;;;;;;;;
;;;;;;;;;;;;;;;;;;;;;;;;;;;;;;;;
;;;;;;;;;;;;;;;;;;;;;;;;;;;;;;;;
;;;;;;;;;;;;;;;;;;;;;;;;;;;;;;;;
;;;;;;;;;;;;;;;;;;;;;;;;;;;;;;;;
;;;;;;;;;;;;;;;;;;;;;;;;;;;;;;;;
;;;;;;;;;;;;;;;;;;;;;;;;;;;;;;;;
;;;;;;;;;;;;;;;;;;;;;;;;;;;;;;;;
;;;;;;;;;;;;;;;;;;;;;;;;;;;;;;;;
;;;;;;;;;;;;;;;;;;;;;;;;;;;;;;;;
;;;;;;;;;;;;;;;;;;;;;;;;;;;;;;;;
;;;;;;;;;;;;;;;;;;;;;;;;;;;;;;;;
;;;;;;;;;;;;;;;;;;;;;;;;;;;;;;;;
;;;;;;;;;;;;;;;;;;;;;;;;;;;;;;;;
;;;;;;;;;;;;;;;;;;;;;;;;;;;;;;;;
;;;;;;;;;;;;;;;;;;;;;;;;;;;;;;;;
;;;;;;;;;;;;;;;;;;;;;;;;;;;;;;;;
;;;;;;;;;;;;;;;;;;;;;;;;;;;;;;;;
;;;;;;;;;;;;;;;;;;;;;;;;;;;;;;;;
;;;;;;;;;;;;;;;;;;;;;;;;;;;;;;;;
;;;;;;;;;;;;;;;;;;;;;;;;;;;;;;;;
;;;;;;;;;;;;;;;;;;;;;;;;;;;;;;;;
;;;;;;;;;;;;;;;;;;;;;;;;;;;;;;;;
;;;;;;;;;;;;;;;;;;;;;;;;;;;;;;;;
;;;;;;;;;;;;;;;;;;;;;;;;;;;;;;;;
;;;;;;;;;;;;;;;;;;;;;;;;;;;;;;;;
;;;;;;;;;;;;;;;;;;;;;;;;;;;;;;;;
;;;;;;;;;;;;;;;;;;;;;;;;;;;;;;;;
;;;;;;;;;;;;;;;;;;;;;;;;;;;;;;;;
;;;;;;;;;;;;;;;;;;;;;;;;;;;;;;;;
;;;;;;;;;;;;;;;;;;;;;;;;;;;;;;;;
;;;;;;;;;;;;;;;;;;;;;;;;;;;;;;;;
;;;;;;;;;;;;;;;;;;;;;;;;;;;;;;;;
;;;;;;;;;;;;;;;;;;;;;;;;;;;;;;;;
;;;;;;;;;;;;;;;;;;;;;;;;;;;;;;;;
;;;;;;;;;;;;;;;;;;;;;;;;;;;;;;;;
;;;;;;;;;;;;;;;;;;;;;;;;;;;;;;;;
;;;;;;;;;;;;;;;;;;;;;;;;;;;;;;;;
;;;;;;;;;;;;;;;;;;;;;;;;;;;;;;;;
;;;;;;;;;;;;;;;;;;;;;;;;;;;;;;;;
;;;;;;;;;;;;;;;;;;;;;;;;;;;;;;;;
;;;;;;;;;;;;;;;;;;;;;;;;;;;;;;;;
;;;;;;;;;;;;;;;;;;;;;;;;;;;;;;;;
;;;;;;;;;;;;;;;;;;;;;;;;;;;;;;;;
;;;;;;;;;;;;;;;;;;;;;;;;;;;;;;;;
;;;;;;;;;;;;;;;;;;;;;;;;;;;;;;;;
;;;;;;;;;;;;;;;;;;;;;;;;;;;;;;;;
;;;;;;;;;;;;;;;;;;;;;;;;;;;;;;;;
;;;;;;;;;;;;;;;;;;;;;;;;;;;;;;;;
;;;;;;;;;;;;;;;;;;;;;;;;;;;;;;;;
;;;;;;;;;;;;;;;;;;;;;;;;;;;;;;;;
;;;;;;;;;;;;;;;;;;;;;;;;;;;;;;;;
;;;;;;;;;;;;;;;;;;;;;;;;;;;;;;;;
;;;;;;;;;;;;;;;;;;;;;;;;;;;;;;;;
;;;;;;;;;;;;;;;;;;;;;;;;;;;;;;;;
;;;;;;;;;;;;;;;;;;;;;;;;;;;;;;;;
;;;;;;;;;;;;;;;;;;;;;;;;;;;;;;;;
;;;;;;;;;;;;;;;;;;;;;;;;;;;;;;;;
;;;;;;;;;;;;;;;;;;;;;;;;;;;;;;;;
;;;;;;;;;;;;;;;;;;;;;;;;;;;;;;;;
;;;;;;;;;;;;;;;;;;;;;;;;;;;;;;;;
;;;;;;;;;;;;;;;;;;;;;;;;;;;;;;;;
;;;;;;;;;;;;;;;;;;;;;;;;;;;;;;;;
;;;;;;;;;;;;;;;;;;;;;;;;;;;;;;;;
;;;;;;;;;;;;;;;;;;;;;;;;;;;;;;;;
;;;;;;;;;;;;;;;;;;;;;;;;;;;;;;;;
;;;;;;;;;;;;;;;;;;;;;;;;;;;;;;;;
;;;;;;;;;;;;;;;;;;;;;;;;;;;;;;;;
;;;;;;;;;;;;;;;;;;;;;;;;;;;;;;;;
;;;;;;;;;;;;;;;;;;;;;;;;;;;;;;;;
;;;;;;;;;;;;;;;;;;;;;;;;;;;;;;;;
;;;;;;;;;;;;;;;;;;;;;;;;;;;;;;;;
;;;;;;;;;;;;;;;;;;;;;;;;;;;;;;;;
;;;;;;;;;;;;;;;;;;;;;;;;;;;;;;;;
;;;;;;;;;;;;;;;;;;;;;;;;;;;;;;;;
;;;;;;;;;;;;;;;;;;;;;;;;;;;;;;;;
;;;;;;;;;;;;;;;;;;;;;;;;;;;;;;;;
;;;;;;;;;;;;;;;;;;;;;;;;;;;;;;;;
;;;;;;;;;;;;;;;;;;;;;;;;;;;;;;;;
;;;;;;;;;;;;;;;;;;;;;;;;;;;;;;;;
;;;;;;;;;;;;;;;;;;;;;;;;;;;;;;;;
;;;;;;;;;;;;;;;;;;;;;;;;;;;;;;;;
;;;;;;;;;;;;;;;;;;;;;;;;;;;;;;;;
;;;;;;;;;;;;;;;;;;;;;;;;;;;;;;;;
;;;;;;;;;;;;;;;;;;;;;;;;;;;;;;;;
;;;;;;;;;;;;;;;;;;;;;;;;;;;;;;;;
;;;;;;;;;;;;;;;;;;;;;;;;;;;;;;;;
;;;;;;;;;;;;;;;;;;;;;;;;;;;;;;;;
;;;;;;;;;;;;;;;;;;;;;;;;;;;;;;;;
;;;;;;;;;;;;;;;;;;;;;;;;;;;;;;;;
;;;;;;;;;;;;;;;;;;;;;;;;;;;;;;;;
;;;;;;;;;;;;;;;;;;;;;;;;;;;;;;;;
;;;;;;;;;;;;;;;;;;;;;;;;;;;;;;;;
;;;;;;;;;;;;;;;;;;;;;;;;;;;;;;;;
;;;;;;;;;;;;;;;;;;;;;;;;;;;;;;;;
;;;;;;;;;;;;;;;;;;;;;;;;;;;;;;;;
;;;;;;;;;;;;;;;;;;;;;;;;;;;;;;;;
;;;;;;;;;;;;;;;;;;;;;;;;;;;;;;;;
;;;;;;;;;;;;;;;;;;;;;;;;;;;;;;;;
;;;;;;;;;;;;;;;;;;;;;;;;;;;;;;;;
;;;;;;;;;;;;;;;;;;;;;;;;;;;;;;;;
;;;;;;;;;;;;;;;;;;;;;;;;;;;;;;;;
;;;;;;;;;;;;;;;;;;;;;;;;;;;;;;;;
;;;;;;;;;;;;;;;;;;;;;;;;;;;;;;;;
;;;;;;;;;;;;;;;;;;;;;;;;;;;;;;;;
;;;;;;;;;;;;;;;;;;;;;;;;;;;;;;;;
;;;;;;;;;;;;;;;;;;;;;;;;;;;;;;;;
;;;;;;;;;;;;;;;;;;;;;;;;;;;;;;;;
;;;;;;;;;;;;;;;;;;;;;;;;;;;;;;;;
;;;;;;;;;;;;;;;;;;;;;;;;;;;;;;;;
;;;;;;;;;;;;;;;;;;;;;;;;;;;;;;;;
;;;;;;;;;;;;;;;;;;;;;;;;;;;;;;;;
;;;;;;;;;;;;;;;;;;;;;;;;;;;;;;;;
;;;;;;;;;;;;;;;;;;;;;;;;;;;;;;;;
;;;;;;;;;;;;;;;;;;;;;;;;;;;;;;;;
;;;;;;;;;;;;;;;;;;;;;;;;;;;;;;;;
;;;;;;;;;;;;;;;;;;;;;;;;;;;;;;;;
;;;;;;;;;;;;;;;;;;;;;;;;;;;;;;;;
;;;;;;;;;;;;;;;;;;;;;;;;;;;;;;;;
;;;;;;;;;;;;;;;;;;;;;;;;;;;;;;;;
;;;;;;;;;;;;;;;;;;;;;;;;;;;;;;;;
;;;;;;;;;;;;;;;;;;;;;;;;;;;;;;;;
;;;;;;;;;;;;;;;;;;;;;;;;;;;;;;;;
;;;;;;;;;;;;;;;;;;;;;;;;;;;;;;;;
;;;;;;;;;;;;;;;;;;;;;;;;;;;;;;;;
;;;;;;;;;;;;;;;;;;;;;;;;;;;;;;;;
;;;;;;;;;;;;;;;;;;;;;;;;;;;;;;;;
;;;;;;;;;;;;;;;;;;;;;;;;;;;;;;;;
;;;;;;;;;;;;;;;;;;;;;;;;;;;;;;;;
;;;;;;;;;;;;;;;;;;;;;;;;;;;;;;;;
;;;;;;;;;;;;;;;;;;;;;;;;;;;;;;;;
;;;;;;;;;;;;;;;;;;;;;;;;;;;;;;;;
;;;;;;;;;;;;;;;;;;;;;;;;;;;;;;;;
;;;;;;;;;;;;;;;;;;;;;;;;;;;;;;;;
;;;;;;;;;;;;;;;;;;;;;;;;;;;;;;;;
;;;;;;;;;;;;;;;;;;;;;;;;;;;;;;;;
;;;;;;;;;;;;;;;;;;;;;;;;;;;;;;;;
;;;;;;;;;;;;;;;;;;;;;;;;;;;;;;;;
;;;;;;;;;;;;;;;;;;;;;;;;;;;;;;;;
;;;;;;;;;;;;;;;;;;;;;;;;;;;;;;;;
;;;;;;;;;;;;;;;;;;;;;;;;;;;;;;;;
;;;;;;;;;;;;;;;;;;;;;;;;;;;;;;;;
;;;;;;;;;;;;;;;;;;;;;;;;;;;;;;;;
;;;;;;;;;;;;;;;;;;;;;;;;;;;;;;;;
;;;;;;;;;;;;;;;;;;;;;;;;;;;;;;;;
;;;;;;;;;;;;;;;;;;;;;;;;;;;;;;;;
;;;;;;;;;;;;;;;;;;;;;;;;;;;;;;;;
;;;;;;;;;;;;;;;;;;;;;;;;;;;;;;;;
;;;;;;;;;;;;;;;;;;;;;;;;;;;;;;;;
;;;;;;;;;;;;;;;;;;;;;;;;;;;;;;;;
;;;;;;;;;;;;;;;;;;;;;;;;;;;;;;;;
;;;;;;;;;;;;;;;;;;;;;;;;;;;;;;;;
;;;;;;;;;;;;;;;;;;;;;;;;;;;;;;;;
;;;;;;;;;;;;;;;;;;;;;;;;;;;;;;;;
;;;;;;;;;;;;;;;;;;;;;;;;;;;;;;;;
;;;;;;;;;;;;;;;;;;;;;;;;;;;;;;;;
;;;;;;;;;;;;;;;;;;;;;;;;;;;;;;;;
;;;;;;;;;;;;;;;;;;;;;;;;;;;;;;;;
;;;;;;;;;;;;;;;;;;;;;;;;;;;;;;;;
;;;;;;;;;;;;;;;;;;;;;;;;;;;;;;;;
;;;;;;;;;;;;;;;;;;;;;;;;;;;;;;;;
;;;;;;;;;;;;;;;;;;;;;;;;;;;;;;;;
;;;;;;;;;;;;;;;;;;;;;;;;;;;;;;;;
;;;;;;;;;;;;;;;;;;;;;;;;;;;;;;;;
;;;;;;;;;;;;;;;;;;;;;;;;;;;;;;;;
;;;;;;;;;;;;;;;;;;;;;;;;;;;;;;;;
;;;;;;;;;;;;;;;;;;;;;;;;;;;;;;;;
;;;;;;;;;;;;;;;;;;;;;;;;;;;;;;;;
;;;;;;;;;;;;;;;;;;;;;;;;;;;;;;;;
;;;;;;;;;;;;;;;;;;;;;;;;;;;;;;;;
;;;;;;;;;;;;;;;;;;;;;;;;;;;;;;;;
;;;;;;;;;;;;;;;;;;;;;;;;;;;;;;;;
;;;;;;;;;;;;;;;;;;;;;;;;;;;;;;;;
;;;;;;;;;;;;;;;;;;;;;;;;;;;;;;;;
;;;;;;;;;;;;;;;;;;;;;;;;;;;;;;;;
;;;;;;;;;;;;;;;;;;;;;;;;;;;;;;;;
;;;;;;;;;;;;;;;;;;;;;;;;;;;;;;;;
;;;;;;;;;;;;;;;;;;;;;;;;;;;;;;;;
;;;;;;;;;;;;;;;;;;;;;;;;;;;;;;;;
;;;;;;;;;;;;;;;;;;;;;;;;;;;;;;;;
;;;;;;;;;;;;;;;;;;;;;;;;;;;;;;;;
;;;;;;;;;;;;;;;;;;;;;;;;;;;;;;;;
;;;;;;;;;;;;;;;;;;;;;;;;;;;;;;;;
;;;;;;;;;;;;;;;;;;;;;;;;;;;;;;;;
;;;;;;;;;;;;;;;;;;;;;;;;;;;;;;;;
;;;;;;;;;;;;;;;;;;;;;;;;;;;;;;;;
;;;;;;;;;;;;;;;;;;;;;;;;;;;;;;;;
;;;;;;;;;;;;;;;;;;;;;;;;;;;;;;;;
;;;;;;;;;;;;;;;;;;;;;;;;;;;;;;;;
;;;;;;;;;;;;;;;;;;;;;;;;;;;;;;;;
;;;;;;;;;;;;;;;;;;;;;;;;;;;;;;;;
;;;;;;;;;;;;;;;;;;;;;;;;;;;;;;;;
;;;;;;;;;;;;;;;;;;;;;;;;;;;;;;;;
;;;;;;;;;;;;;;;;;;;;;;;;;;;;;;;;
;;;;;;;;;;;;;;;;;;;;;;;;;;;;;;;;
;;;;;;;;;;;;;;;;;;;;;;;;;;;;;;;;
;;;;;;;;;;;;;;;;;;;;;;;;;;;;;;;;
;;;;;;;;;;;;;;;;;;;;;;;;;;;;;;;;
;;;;;;;;;;;;;;;;;;;;;;;;;;;;;;;;
;;;;;;;;;;;;;;;;;;;;;;;;;;;;;;;;
;;;;;;;;;;;;;;;;;;;;;;;;;;;;;;;;
;;;;;;;;;;;;;;;;;;;;;;;;;;;;;;;;
;;;;;;;;;;;;;;;;;;;;;;;;;;;;;;;;
;;;;;;;;;;;;;;;;;;;;;;;;;;;;;;;;
;;;;;;;;;;;;;;;;;;;;;;;;;;;;;;;;
;;;;;;;;;;;;;;;;;;;;;;;;;;;;;;;;
;;;;;;;;;;;;;;;;;;;;;;;;;;;;;;;;
;;;;;;;;;;;;;;;;;;;;;;;;;;;;;;;;
;;;;;;;;;;;;;;;;;;;;;;;;;;;;;;;;
;;;;;;;;;;;;;;;;;;;;;;;;;;;;;;;;
;;;;;;;;;;;;;;;;;;;;;;;;;;;;;;;;
;;;;;;;;;;;;;;;;;;;;;;;;;;;;;;;;
;;;;;;;;;;;;;;;;;;;;;;;;;;;;;;;;
;;;;;;;;;;;;;;;;;;;;;;;;;;;;;;;;
;;;;;;;;;;;;;;;;;;;;;;;;;;;;;;;;
;;;;;;;;;;;;;;;;;;;;;;;;;;;;;;;;
;;;;;;;;;;;;;;;;;;;;;;;;;;;;;;;;
;;;;;;;;;;;;;;;;;;;;;;;;;;;;;;;;
;;;;;;;;;;;;;;;;;;;;;;;;;;;;;;;;
;;;;;;;;;;;;;;;;;;;;;;;;;;;;;;;;
;;;;;;;;;;;;;;;;;;;;;;;;;;;;;;;;
;;;;;;;;;;;;;;;;;;;;;;;;;;;;;;;;
;;;;;;;;;;;;;;;;;;;;;;;;;;;;;;;;
;;;;;;;;;;;;;;;;;;;;;;;;;;;;;;;;
;;;;;;;;;;;;;;;;;;;;;;;;;;;;;;;;
;;;;;;;;;;;;;;;;;;;;;;;;;;;;;;;;
;;;;;;;;;;;;;;;;;;;;;;;;;;;;;;;;
;;;;;;;;;;;;;;;;;;;;;;;;;;;;;;;;
;;;;;;;;;;;;;;;;;;;;;;;;;;;;;;;;
;;;;;;;;;;;;;;;;;;;;;;;;;;;;;;;;
;;;;;;;;;;;;;;;;;;;;;;;;;;;;;;;;
;;;;;;;;;;;;;;;;;;;;;;;;;;;;;;;;
;;;;;;;;;;;;;;;;;;;;;;;;;;;;;;;;
;;;;;;;;;;;;;;;;;;;;;;;;;;;;;;;;
;;;;;;;;;;;;;;;;;;;;;;;;;;;;;;;;
;;;;;;;;;;;;;;;;;;;;;;;;;;;;;;;;
;;;;;;;;;;;;;;;;;;;;;;;;;;;;;;;;
;;;;;;;;;;;;;;;;;;;;;;;;;;;;;;;;
;;;;;;;;;;;;;;;;;;;;;;;;;;;;;;;;
;;;;;;;;;;;;;;;;;;;;;;;;;;;;;;;;
;;;;;;;;;;;;;;;;;;;;;;;;;;;;;;;;
;;;;;;;;;;;;;;;;;;;;;;;;;;;;;;;;
;;;;;;;;;;;;;;;;;;;;;;;;;;;;;;;;
;;;;;;;;;;;;;;;;;;;;;;;;;;;;;;;;
;;;;;;;;;;;;;;;;;;;;;;;;;;;;;;;;
;;;;;;;;;;;;;;;;;;;;;;;;;;;;;;;;
;;;;;;;;;;;;;;;;;;;;;;;;;;;;;;;;
;;;;;;;;;;;;;;;;;;;;;;;;;;;;;;;;
;;;;;;;;;;;;;;;;;;;;;;;;;;;;;;;;
;;;;;;;;;;;;;;;;;;;;;;;;;;;;;;;;
;;;;;;;;;;;;;;;;;;;;;;;;;;;;;;;;
;;;;;;;;;;;;;;;;;;;;;;;;;;;;;;;;
;;;;;;;;;;;;;;;;;;;;;;;;;;;;;;;;
;;;;;;;;;;;;;;;;;;;;;;;;;;;;;;;;
;;;;;;;;;;;;;;;;;;;;;;;;;;;;;;;;
;;;;;;;;;;;;;;;;;;;;;;;;;;;;;;;;
;;;;;;;;;;;;;;;;;;;;;;;;;;;;;;;;
;;;;;;;;;;;;;;;;;;;;;;;;;;;;;;;;
;;;;;;;;;;;;;;;;;;;;;;;;;;;;;;;;
;;;;;;;;;;;;;;;;;;;;;;;;;;;;;;;;
;;;;;;;;;;;;;;;;;;;;;;;;;;;;;;;;
;;;;;;;;;;;;;;;;;;;;;;;;;;;;;;;;
;;;;;;;;;;;;;;;;;;;;;;;;;;;;;;;;
;;;;;;;;;;;;;;;;;;;;;;;;;;;;;;;;
;;;;;;;;;;;;;;;;;;;;;;;;;;;;;;;;
;;;;;;;;;;;;;;;;;;;;;;;;;;;;;;;;
;;;;;;;;;;;;;;;;;;;;;;;;;;;;;;;;
;;;;;;;;;;;;;;;;;;;;;;;;;;;;;;;;
;;;;;;;;;;;;;;;;;;;;;;;;;;;;;;;;
;;;;;;;;;;;;;;;;;;;;;;;;;;;;;;;;
;;;;;;;;;;;;;;;;;;;;;;;;;;;;;;;;
;;;;;;;;;;;;;;;;;;;;;;;;;;;;;;;;
;;;;;;;;;;;;;;;;;;;;;;;;;;;;;;;;
;;;;;;;;;;;;;;;;;;;;;;;;;;;;;;;;
;;;;;;;;;;;;;;;;;;;;;;;;;;;;;;;;
;;;;;;;;;;;;;;;;;;;;;;;;;;;;;;;;
;;;;;;;;;;;;;;;;;;;;;;;;;;;;;;;;
;;;;;;;;;;;;;;;;;;;;;;;;;;;;;;;;
;;;;;;;;;;;;;;;;;;;;;;;;;;;;;;;;
;;;;;;;;;;;;;;;;;;;;;;;;;;;;;;;;
;;;;;;;;;;;;;;;;;;;;;;;;;;;;;;;;
;;;;;;;;;;;;;;;;;;;;;;;;;;;;;;;;
;;;;;;;;;;;;;;;;;;;;;;;;;;;;;;;;
;;;;;;;;;;;;;;;;;;;;;;;;;;;;;;;;
;;;;;;;;;;;;;;;;;;;;;;;;;;;;;;;;
;;;;;;;;;;;;;;;;;;;;;;;;;;;;;;;;
;;;;;;;;;;;;;;;;;;;;;;;;;;;;;;;;
;;;;;;;;;;;;;;;;;;;;;;;;;;;;;;;;
;;;;;;;;;;;;;;;;;;;;;;;;;;;;;;;;
;;;;;;;;;;;;;;;;;;;;;;;;;;;;;;;;
;;;;;;;;;;;;;;;;;;;;;;;;;;;;;;;;
;;;;;;;;;;;;;;;;;;;;;;;;;;;;;;;;
;;;;;;;;;;;;;;;;;;;;;;;;;;;;;;;;
;;;;;;;;;;;;;;;;;;;;;;;;;;;;;;;;
;;;;;;;;;;;;;;;;;;;;;;;;;;;;;;;;
;;;;;;;;;;;;;;;;;;;;;;;;;;;;;;;;
;;;;;;;;;;;;;;;;;;;;;;;;;;;;;;;;
;;;;;;;;;;;;;;;;;;;;;;;;;;;;;;;;
;;;;;;;;;;;;;;;;;;;;;;;;;;;;;;;;
;;;;;;;;;;;;;;;;;;;;;;;;;;;;;;;;
;;;;;;;;;;;;;;;;;;;;;;;;;;;;;;;;
;;;;;;;;;;;;;;;;;;;;;;;;;;;;;;;;
;;;;;;;;;;;;;;;;;;;;;;;;;;;;;;;;
;;;;;;;;;;;;;;;;;;;;;;;;;;;;;;;;
;;;;;;;;;;;;;;;;;;;;;;;;;;;;;;;;
;;;;;;;;;;;;;;;;;;;;;;;;;;;;;;;;
;;;;;;;;;;;;;;;;;;;;;;;;;;;;;;;;
;;;;;;;;;;;;;;;;;;;;;;;;;;;;;;;;
;;;;;;;;;;;;;;;;;;;;;;;;;;;;;;;;
;;;;;;;;;;;;;;;;;;;;;;;;;;;;;;;;
;;;;;;;;;;;;;;;;;;;;;;;;;;;;;;;;
;;;;;;;;;;;;;;;;;;;;;;;;;;;;;;;;
;;;;;;;;;;;;;;;;;;;;;;;;;;;;;;;;
;;;;;;;;;;;;;;;;;;;;;;;;;;;;;;;;
;;;;;;;;;;;;;;;;;;;;;;;;;;;;;;;;
;;;;;;;;;;;;;;;;;;;;;;;;;;;;;;;;
;;;;;;;;;;;;;;;;;;;;;;;;;;;;;;;;
;;;;;;;;;;;;;;;;;;;;;;;;;;;;;;;;
;;;;;;;;;;;;;;;;;;;;;;;;;;;;;;;;
;;;;;;;;;;;;;;;;;;;;;;;;;;;;;;;;
;;;;;;;;;;;;;;;;;;;;;;;;;;;;;;;;
;;;;;;;;;;;;;;;;;;;;;;;;;;;;;;;;
;;;;;;;;;;;;;;;;;;;;;;;;;;;;;;;;
;;;;;;;;;;;;;;;;;;;;;;;;;;;;;;;;
;;;;;;;;;;;;;;;;;;;;;;;;;;;;;;;;
;;;;;;;;;;;;;;;;;;;;;;;;;;;;;;;;
;;;;;;;;;;;;;;;;;;;;;;;;;;;;;;;;
;;;;;;;;;;;;;;;;;;;;;;;;;;;;;;;;
;;;;;;;;;;;;;;;;;;;;;;;;;;;;;;;;
;;;;;;;;;;;;;;;;;;;;;;;;;;;;;;;;
;;;;;;;;;;;;;;;;;;;;;;;;;;;;;;;;
;;;;;;;;;;;;;;;;;;;;;;;;;;;;;;;;
;;;;;;;;;;;;;;;;;;;;;;;;;;;;;;;;
;;;;;;;;;;;;;;;;;;;;;;;;;;;;;;;;
;;;;;;;;;;;;;;;;;;;;;;;;;;;;;;;;
;;;;;;;;;;;;;;;;;;;;;;;;;;;;;;;;
;;;;;;;;;;;;;;;;;;;;;;;;;;;;;;;;
;;;;;;;;;;;;;;;;;;;;;;;;;;;;;;;;
;;;;;;;;;;;;;;;;;;;;;;;;;;;;;;;;
;;;;;;;;;;;;;;;;;;;;;;;;;;;;;;;;
;;;;;;;;;;;;;;;;;;;;;;;;;;;;;;;;
;;;;;;;;;;;;;;;;;;;;;;;;;;;;;;;;
;;;;;;;;;;;;;;;;;;;;;;;;;;;;;;;;
;;;;;;;;;;;;;;;;;;;;;;;;;;;;;;;;
;;;;;;;;;;;;;;;;;;;;;;;;;;;;;;;;
;;;;;;;;;;;;;;;;;;;;;;;;;;;;;;;;
;;;;;;;;;;;;;;;;;;;;;;;;;;;;;;;;
;;;;;;;;;;;;;;;;;;;;;;;;;;;;;;;;
;;;;;;;;;;;;;;;;;;;;;;;;;;;;;;;;
;;;;;;;;;;;;;;;;;;;;;;;;;;;;;;;;
;;;;;;;;;;;;;;;;;;;;;;;;;;;;;;;;
;;;;;;;;;;;;;;;;;;;;;;;;;;;;;;;;
;;;;;;;;;;;;;;;;;;;;;;;;;;;;;;;;
;;;;;;;;;;;;;;;;;;;;;;;;;;;;;;;;
;;;;;;;;;;;;;;;;;;;;;;;;;;;;;;;;
;;;;;;;;;;;;;;;;;;;;;;;;;;;;;;;;
;;;;;;;;;;;;;;;;;;;;;;;;;;;;;;;;
;;;;;;;;;;;;;;;;;;;;;;;;;;;;;;;;
;;;;;;;;;;;;;;;;;;;;;;;;;;;;;;;;
;;;;;;;;;;;;;;;;;;;;;;;;;;;;;;;;
;;;;;;;;;;;;;;;;;;;;;;;;;;;;;;;;
;;;;;;;;;;;;;;;;;;;;;;;;;;;;;;;;
;;;;;;;;;;;;;;;;;;;;;;;;;;;;;;;;
;;;;;;;;;;;;;;;;;;;;;;;;;;;;;;;;
;;;;;;;;;;;;;;;;;;;;;;;;;;;;;;;;
;;;;;;;;;;;;;;;;;;;;;;;;;;;;;;;;
;;;;;;;;;;;;;;;;;;;;;;;;;;;;;;;;
;;;;;;;;;;;;;;;;;;;;;;;;;;;;;;;;
;;;;;;;;;;;;;;;;;;;;;;;;;;;;;;;;
;;;;;;;;;;;;;;;;;;;;;;;;;;;;;;;;
;;;;;;;;;;;;;;;;;;;;;;;;;;;;;;;;
;;;;;;;;;;;;;;;;;;;;;;;;;;;;;;;;
;;;;;;;;;;;;;;;;;;;;;;;;;;;;;;;;
;;;;;;;;;;;;;;;;;;;;;;;;;;;;;;;;
;;;;;;;;;;;;;;;;;;;;;;;;;;;;;;;;
;;;;;;;;;;;;;;;;;;;;;;;;;;;;;;;;
;;;;;;;;;;;;;;;;;;;;;;;;;;;;;;;;
;;;;;;;;;;;;;;;;;;;;;;;;;;;;;;;;
;;;;;;;;;;;;;;;;;;;;;;;;;;;;;;;;
;;;;;;;;;;;;;;;;;;;;;;;;;;;;;;;;
;;;;;;;;;;;;;;;;;;;;;;;;;;;;;;;;
;;;;;;;;;;;;;;;;;;;;;;;;;;;;;;;;
;;;;;;;;;;;;;;;;;;;;;;;;;;;;;;;;
;;;;;;;;;;;;;;;;;;;;;;;;;;;;;;;;
;;;;;;;;;;;;;;;;;;;;;;;;;;;;;;;;
;;;;;;;;;;;;;;;;;;;;;;;;;;;;;;;;
;;;;;;;;;;;;;;;;;;;;;;;;;;;;;;;;
;;;;;;;;;;;;;;;;;;;;;;;;;;;;;;;;
;;;;;;;;;;;;;;;;;;;;;;;;;;;;;;;;
;;;;;;;;;;;;;;;;;;;;;;;;;;;;;;;;
;;;;;;;;;;;;;;;;;;;;;;;;;;;;;;;;
;;;;;;;;;;;;;;;;;;;;;;;;;;;;;;;;
;;;;;;;;;;;;;;;;;;;;;;;;;;;;;;;;
;;;;;;;;;;;;;;;;;;;;;;;;;;;;;;;;
;;;;;;;;;;;;;;;;;;;;;;;;;;;;;;;;
;;;;;;;;;;;;;;;;;;;;;;;;;;;;;;;;
;;;;;;;;;;;;;;;;;;;;;;;;;;;;;;;;
;;;;;;;;;;;;;;;;;;;;;;;;;;;;;;;;
;;;;;;;;;;;;;;;;;;;;;;;;;;;;;;;;
;;;;;;;;;;;;;;;;;;;;;;;;;;;;;;;;
;;;;;;;;;;;;;;;;;;;;;;;;;;;;;;;;
;;;;;;;;;;;;;;;;;;;;;;;;;;;;;;;;
;;;;;;;;;;;;;;;;;;;;;;;;;;;;;;;;
;;;;;;;;;;;;;;;;;;;;;;;;;;;;;;;;
;;;;;;;;;;;;;;;;;;;;;;;;;;;;;;;;
;;;;;;;;;;;;;;;;;;;;;;;;;;;;;;;;
;;;;;;;;;;;;;;;;;;;;;;;;;;;;;;;;
;;;;;;;;;;;;;;;;;;;;;;;;;;;;;;;;
;;;;;;;;;;;;;;;;;;;;;;;;;;;;;;;;
;;;;;;;;;;;;;;;;;;;;;;;;;;;;;;;;
;;;;;;;;;;;;;;;;;;;;;;;;;;;;;;;;
;;;;;;;;;;;;;;;;;;;;;;;;;;;;;;;;
;;;;;;;;;;;;;;;;;;;;;;;;;;;;;;;;
;;;;;;;;;;;;;;;;;;;;;;;;;;;;;;;;
;;;;;;;;;;;;;;;;;;;;;;;;;;;;;;;;
;;;;;;;;;;;;;;;;;;;;;;;;;;;;;;;;
;;;;;;;;;;;;;;;;;;;;;;;;;;;;;;;;
;;;;;;;;;;;;;;;;;;;;;;;;;;;;;;;;
;;;;;;;;;;;;;;;;;;;;;;;;;;;;;;;;
;;;;;;;;;;;;;;;;;;;;;;;;;;;;;;;;
;;;;;;;;;;;;;;;;;;;;;;;;;;;;;;;;
;;;;;;;;;;;;;;;;;;;;;;;;;;;;;;;;
;;;;;;;;;;;;;;;;;;;;;;;;;;;;;;;;
;;;;;;;;;;;;;;;;;;;;;;;;;;;;;;;;
;;;;;;;;;;;;;;;;;;;;;;;;;;;;;;;;
;;;;;;;;;;;;;;;;;;;;;;;;;;;;;;;;
;;;;;;;;;;;;;;;;;;;;;;;;;;;;;;;;
;;;;;;;;;;;;;;;;;;;;;;;;;;;;;;;;
;;;;;;;;;;;;;;;;;;;;;;;;;;;;;;;;
;;;;;;;;;;;;;;;;;;;;;;;;;;;;;;;;
;;;;;;;;;;;;;;;;;;;;;;;;;;;;;;;;
;;;;;;;;;;;;;;;;;;;;;;;;;;;;;;;;
;;;;;;;;;;;;;;;;;;;;;;;;;;;;;;;;
;;;;;;;;;;;;;;;;;;;;;;;;;;;;;;;;
;;;;;;;;;;;;;;;;;;;;;;;;;;;;;;;;
;;;;;;;;;;;;;;;;;;;;;;;;;;;;;;;;
;;;;;;;;;;;;;;;;;;;;;;;;;;;;;;;;
;;;;;;;;;;;;;;;;;;;;;;;;;;;;;;;;
;;;;;;;;;;;;;;;;;;;;;;;;;;;;;;;;
;;;;;;;;;;;;;;;;;;;;;;;;;;;;;;;;
;;;;;;;;;;;;;;;;;;;;;;;;;;;;;;;;
;;;;;;;;;;;;;;;;;;;;;;;;;;;;;;;;
;;;;;;;;;;;;;;;;;;;;;;;;;;;;;;;;
;;;;;;;;;;;;;;;;;;;;;;;;;;;;;;;;
;;;;;;;;;;;;;;;;;;;;;;;;;;;;;;;;
;;;;;;;;;;;;;;;;;;;;;;;;;;;;;;;;
;;;;;;;;;;;;;;;;;;;;;;;;;;;;;;;;
;;;;;;;;;;;;;;;;;;;;;;;;;;;;;;;;
;;;;;;;;;;;;;;;;;;;;;;;;;;;;;;;;
;;;;;;;;;;;;;;;;;;;;;;;;;;;;;;;;
;;;;;;;;;;;;;;;;;;;;;;;;;;;;;;;;
;;;;;;;;;;;;;;;;;;;;;;;;;;;;;;;;
;;;;;;;;;;;;;;;;;;;;;;;;;;;;;;;;
;;;;;;;;;;;;;;;;;;;;;;;;;;;;;;;;
;;;;;;;;;;;;;;;;;;;;;;;;;;;;;;;;
;;;;;;;;;;;;;;;;;;;;;;;;;;;;;;;;
;;;;;;;;;;;;;;;;;;;;;;;;;;;;;;;;
;;;;;;;;;;;;;;;;;;;;;;;;;;;;;;;;
;;;;;;;;;;;;;;;;;;;;;;;;;;;;;;;;
;;;;;;;;;;;;;;;;;;;;;;;;;;;;;;;;
;;;;;;;;;;;;;;;;;;;;;;;;;;;;;;;;
;;;;;;;;;;;;;;;;;;;;;;;;;;;;;;;;
;;;;;;;;;;;;;;;;;;;;;;;;;;;;;;;;
;;;;;;;;;;;;;;;;;;;;;;;;;;;;;;;;
;;;;;;;;;;;;;;;;;;;;;;;;;;;;;;;;
;;;;;;;;;;;;;;;;;;;;;;;;;;;;;;;;
;;;;;;;;;;;;;;;;;;;;;;;;;;;;;;;;
;;;;;;;;;;;;;;;;;;;;;;;;;;;;;;;;
;;;;;;;;;;;;;;;;;;;;;;;;;;;;;;;;
;;;;;;;;;;;;;;;;;;;;;;;;;;;;;;;;
;;;;;;;;;;;;;;;;;;;;;;;;;;;;;;;;
;;;;;;;;;;;;;;;;;;;;;;;;;;;;;;;;
;;;;;;;;;;;;;;;;;;;;;;;;;;;;;;;;
;;;;;;;;;;;;;;;;;;;;;;;;;;;;;;;;
;;;;;;;;;;;;;;;;;;;;;;;;;;;;;;;;
;;;;;;;;;;;;;;;;;;;;;;;;;;;;;;;;
;;;;;;;;;;;;;;;;;;;;;;;;;;;;;;;;
;;;;;;;;;;;;;;;;;;;;;;;;;;;;;;;;
;;;;;;;;;;;;;;;;;;;;;;;;;;;;;;;;
;;;;;;;;;;;;;;;;;;;;;;;;;;;;;;;;
;;;;;;;;;;;;;;;;;;;;;;;;;;;;;;;;
;;;;;;;;;;;;;;;;;;;;;;;;;;;;;;;;
;;;;;;;;;;;;;;;;;;;;;;;;;;;;;;;;
;;;;;;;;;;;;;;;;;;;;;;;;;;;;;;;;
;;;;;;;;;;;;;;;;;;;;;;;;;;;;;;;;
;;;;;;;;;;;;;;;;;;;;;;;;;;;;;;;;
;;;;;;;;;;;;;;;;;;;;;;;;;;;;;;;;
;;;;;;;;;;;;;;;;;;;;;;;;;;;;;;;;
;;;;;;;;;;;;;;;;;;;;;;;;;;;;;;;;
;;;;;;;;;;;;;;;;;;;;;;;;;;;;;;;;
;;;;;;;;;;;;;;;;;;;;;;;;;;;;;;;;
;;;;;;;;;;;;;;;;;;;;;;;;;;;;;;;;
;;;;;;;;;;;;;;;;;;;;;;;;;;;;;;;;
;;;;;;;;;;;;;;;;;;;;;;;;;;;;;;;;
;;;;;;;;;;;;;;;;;;;;;;;;;;;;;;;;
;;;;;;;;;;;;;;;;;;;;;;;;;;;;;;;;
;;;;;;;;;;;;;;;;;;;;;;;;;;;;;;;;
;;;;;;;;;;;;;;;;;;;;;;;;;;;;;;;;
;;;;;;;;;;;;;;;;;;;;;;;;;;;;;;;;
;;;;;;;;;;;;;;;;;;;;;;;;;;;;;;;;
;;;;;;;;;;;;;;;;;;;;;;;;;;;;;;;;
;;;;;;;;;;;;;;;;;;;;;;;;;;;;;;;;
;;;;;;;;;;;;;;;;;;;;;;;;;;;;;;;;
;;;;;;;;;;;;;;;;;;;;;;;;;;;;;;;;
;;;;;;;;;;;;;;;;;;;;;;;;;;;;;;;;
;;;;;;;;;;;;;;;;;;;;;;;;;;;;;;;;
;;;;;;;;;;;;;;;;;;;;;;;;;;;;;;;;
;;;;;;;;;;;;;;;;;;;;;;;;;;;;;;;;
;;;;;;;;;;;;;;;;;;;;;;;;;;;;;;;;
;;;;;;;;;;;;;;;;;;;;;;;;;;;;;;;;
;;;;;;;;;;;;;;;;;;;;;;;;;;;;;;;;
;;;;;;;;;;;;;;;;;;;;;;;;;;;;;;;;
;;;;;;;;;;;;;;;;;;;;;;;;;;;;;;;;
;;;;;;;;;;;;;;;;;;;;;;;;;;;;;;;;
;;;;;;;;;;;;;;;;;;;;;;;;;;;;;;;;
;;;;;;;;;;;;;;;;;;;;;;;;;;;;;;;;
;;;;;;;;;;;;;;;;;;;;;;;;;;;;;;;;
;;;;;;;;;;;;;;;;;;;;;;;;;;;;;;;;
;;;;;;;;;;;;;;;;;;;;;;;;;;;;;;;;
;;;;;;;;;;;;;;;;;;;;;;;;;;;;;;;;
;;;;;;;;;;;;;;;;;;;;;;;;;;;;;;;;
;;;;;;;;;;;;;;;;;;;;;;;;;;;;;;;;
;;;;;;;;;;;;;;;;;;;;;;;;;;;;;;;;
;;;;;;;;;;;;;;;;;;;;;;;;;;;;;;;;
;;;;;;;;;;;;;;;;;;;;;;;;;;;;;;;;
;;;;;;;;;;;;;;;;;;;;;;;;;;;;;;;;
;;;;;;;;;;;;;;;;;;;;;;;;;;;;;;;;
;;;;;;;;;;;;;;;;;;;;;;;;;;;;;;;;
;;;;;;;;;;;;;;;;;;;;;;;;;;;;;;;;
;;;;;;;;;;;;;;;;;;;;;;;;;;;;;;;;
;;;;;;;;;;;;;;;;;;;;;;;;;;;;;;;;
;;;;;;;;;;;;;;;;;;;;;;;;;;;;;;;;
;;;;;;;;;;;;;;;;;;;;;;;;;;;;;;;;
;;;;;;;;;;;;;;;;;;;;;;;;;;;;;;;;
;;;;;;;;;;;;;;;;;;;;;;;;;;;;;;;;
;;;;;;;;;;;;;;;;;;;;;;;;;;;;;;;;
;;;;;;;;;;;;;;;;;;;;;;;;;;;;;;;;
;;;;;;;;;;;;;;;;;;;;;;;;;;;;;;;;
;;;;;;;;;;;;;;;;;;;;;;;;;;;;;;;;
;;;;;;;;;;;;;;;;;;;;;;;;;;;;;;;;
;;;;;;;;;;;;;;;;;;;;;;;;;;;;;;;;
;;;;;;;;;;;;;;;;;;;;;;;;;;;;;;;;
;;;;;;;;;;;;;;;;;;;;;;;;;;;;;;;;
;;;;;;;;;;;;;;;;;;;;;;;;;;;;;;;;
;;;;;;;;;;;;;;;;;;;;;;;;;;;;;;;;
;;;;;;;;;;;;;;;;;;;;;;;;;;;;;;;;
;;;;;;;;;;;;;;;;;;;;;;;;;;;;;;;;
;;;;;;;;;;;;;;;;;;;;;;;;;;;;;;;;
;;;;;;;;;;;;;;;;;;;;;;;;;;;;;;;;
;;;;;;;;;;;;;;;;;;;;;;;;;;;;;;;;
;;;;;;;;;;;;;;;;;;;;;;;;;;;;;;;;
;;;;;;;;;;;;;;;;;;;;;;;;;;;;;;;;
;;;;;;;;;;;;;;;;;;;;;;;;;;;;;;;;
;;;;;;;;;;;;;;;;;;;;;;;;;;;;;;;;
;;;;;;;;;;;;;;;;;;;;;;;;;;;;;;;;
;;;;;;;;;;;;;;;;;;;;;;;;;;;;;;;;
;;;;;;;;;;;;;;;;;;;;;;;;;;;;;;;;
;;;;;;;;;;;;;;;;;;;;;;;;;;;;;;;;
;;;;;;;;;;;;;;;;;;;;;;;;;;;;;;;;
;;;;;;;;;;;;;;;;;;;;;;;;;;;;;;;;